,ID,Type,SKU,Name,Published,Is featured?,Visibility in catalog,Short description,Description,Date sale price starts,Date sale price ends,Tax status,Tax class,In stock?,Stock,Low stock amount,Backorders allowed?,Sold individually?,Weight (kg),Length (in),Width (in),Height (in),Allow customer reviews?,Purchase note,Sale price,Regular price,Categories,Tags,Shipping class,Images,Download limit,Download expiry days,Parent,Grouped products,Upsells,Cross-sells,External URL,Button text,Position,Attribute 1 name,Attribute 1 value(s),Attribute 1 visible,Attribute 1 global,Attribute 2 name,Attribute 2 value(s),Attribute 2 visible,Attribute 2 global,Attribute 3 name,Attribute 3 value(s),Attribute 3 visible,Attribute 3 global
0,20,variable,,FRP Economy Window Shade,1,0,visible,FRP Economy Window Shade with a slight front is a cost-effective window treatment option made from fiberglass reinforced plastic. They are available in wide range of colors and sizes.,FRP Window shades comes in various designs and has following advantages Light control Our Window shades give you the ability to control the amount of light that enters your home or office allowing you to create a comfortable and pleasant environment Privacy Provide an extra layer of privacy by blocking the view from outside This is especially important for groundlevel windows or windows facing busy streets Energy savings They can help to reduce your energy bills by blocking sunlight and heat from entering your home or office keeping your space cooler in the summer and warmer in the winter UV protection They protect your furniture floors and artwork from the damaging effects of UV rays which can cause fading and discoloration Easy maintenance Our Shades are easy to maintain and clean requiring only occasional dusting or vacuuming to keep them looking their best,,,taxable,,1,,,0,0,,,,,0,,,,Window Shades,,,"https://shopmasterpk.com/wp-content/uploads/2023/01/Product-Image-Template.png, https://shopmasterpk.com/wp-content/uploads/2023/01/WhatsApp-Image-2023-02-23-at-20.36.25.jpg, https://shopmasterpk.com/wp-content/uploads/2023/01/P25-05-11_16.56-scaled.jpg, https://shopmasterpk.com/wp-content/uploads/2023/01/P02-12-10_16.1502-scaled.jpg, https://shopmasterpk.com/wp-content/uploads/2023/01/P16-06-11_13.50-1-scaled.jpg, https://shopmasterpk.com/wp-content/uploads/2023/01/P18-04-11_13.49-scaled.jpg",,,,,,,,,0,Color,"Alpha Blue OP-1039, Aluminium Grey OP-1078, Blood Red OP-1021, Blue Grey OP-1084, Brilliant Blue OP-1042, Brilliant White OP-1003, Brinjal Violet OP-1037, Broom Yellow OP-1013, Brown Beige OP-1068, Brown Grey OP-1082, Burgandy Red OP-1026, Camel Brown OP-1071, Cat Black OP-1087, Chestnut Red OP-1027, Choco Brown OP-1067, Claret Violet OP-1036, Classic Yellow OP-1011, Copper Brown OP-1077, Deep Orange OP-1017, Diana Violet OP-1034, Distant Blue OP-1048, Egyptian Stone OP-1066, Emerald Green OP-1053, Feroza Blue OP-1049, Golden Yellow OP-1010, Grass Green OP-1057, Green Beige OP-1069, Grey Hound OP-1079, Ivory White OP-1005, Jawel Ferozee OP-1052, Leather Brown OP-1070, Lemon Yellow OP-1009, Light Blue OP-1043, Light Grey OP-1080, Luminous Red OP-1025, Malta Orange OP-1018, Midnight Blue OP-1044, Military Green OP-1059, Mint Green OP-1063, Mint Turquoise OP-1064, National Green OP-1058, Night Blue OP-1047, Ocean Blue OP-1046, Ochre Brown OP-1073, Ochre Yellow OP-1014, Off White OP-1006, Orange Brown OP-1072, Oxford Blue OP-1038, Oyster White OP-1007, PAF Grey OP-1086, Pak Green OP-1054, Pale Brown OP-1075, Panther Black OP-1088, Parrot Green OP-1055, PIA Green OP-1056, Platinum Grey OP-1083, PN Grey OP-1081, Post Office Red OP-1022, Pure White OP-1001, Rabbit White OP-1002, Raspberry Red OP-1024, Rich Cream OP-1008, Rose Pink OP-1032, Salmon Orange OP-1016, Salmon Pink OP-1031, Sapphire Blue OP-1040, Sepia Brown OP-1074, Sexy Pink OP-1030, Signal Red OP-1020, Skin Pink OP-1033, Slate Grey OP-1085, Strawberry Red OP-1029, Sulfur Yellow OP-1012, Sunlight Yellow OP-1015, Sweet Blue OP-1050, Tank White OP-1004, Teakwood Brown OP-1076, Terracotta Red OP-1019, Tomato Red OP-1023, Traffic Green OP-1062, Traffic Purple OP-1035, Turquoise Green OP-1060, Vespa Blue OP-1045, Vivid Blue OP-1041, Wine Red OP-1028, Wonderful Blue OP-1051, Yellow Green OP-1061, Ziroc Green OP-1065",1.0,1.0,WS-Sizes,"L-108″ x W-20″ x H-6″, L-120″ x W-20″ x H-6″, L-30″ x W-20” x H-6″, L-36″ x W-20” x H-6″, L-48″ x W-20″ x H-6″, L-60″ x W-20″ x H-6″, L-72″ x W-20″ x H-6″, L-84″ x W-20” x H-6″, L-96″ x W-20″ x H-6″",1.0,1.0,,,,
1,141,simple,,FRP Plain Sheet,1,0,visible,"F.R.P plain sheets are made from a composite material that combines fiberglass strands with a thermosetting resin. F.R.P plain sheets are easy to install and can be cut to fit any shape or size, making them versatile and customizable. Whether you're looking to build a durable and weather-resistant structure or add a touch of modern sophistication to your space, F.R.P plain sheets are an excellent choice.",Properties Lightweight Easier to transport handle and install Durable Incredibly strong and resistant to damage from weather UV radiation and corrosion which makes them ideal for outdoor use Versatile Available in a wide range of colors and finishes making them a versatile material for a variety of applications Low maintenance Requires minimal maintenance and cleaning which can save time and money over the long term Costeffective Their long lifespan makes them a costeffective investment in the long term Fireresistant They have excellent fireresistant properties making them a safer choice for building structures in areas with high fire risk Environmentally friendly FRP plain sheets are made from materials that are recyclable and they have a lower carbon footprint compared to other building materials Insulating They have excellent insulation properties which can help reduce energy costs by keeping the interior of buildings cooler in hot weather and warmer in cold weatherSelect colors from below,,,taxable,,1,,,0,0,,,,,0,,,370.0,FRP Sheets,"fiber glass 2mm sheet, fiber glass plain sheet, fiber glass sheet, FRP plain sheet, plain sheet",,"https://shopmasterpk.com/wp-content/uploads/2023/02/Sheets.png, https://shopmasterpk.com/wp-content/uploads/2023/01/DSC03984-scaled.jpg, https://shopmasterpk.com/wp-content/uploads/2023/02/sheet1.png, https://shopmasterpk.com/wp-content/uploads/2023/02/img3.jpg, https://shopmasterpk.com/wp-content/uploads/2023/02/img5.jpg",,,,,,,,,0,Color,"Alpha Blue OP-1039, Aluminium Grey OP-1078, Blood Red OP-1021, Blue Grey OP-1084, Brilliant Blue OP-1042, Brilliant White OP-1003, Brinjal Violet OP-1037, Broom Yellow OP-1013, Brown Beige OP-1068, Brown Grey OP-1082, Burgandy Red OP-1026, Camel Brown OP-1071, Cat Black OP-1087, Chestnut Red OP-1027, Choco Brown OP-1067, Claret Violet OP-1036, Classic Yellow OP-1011, Copper Brown OP-1077, Deep Orange OP-1017, Diana Violet OP-1034, Distant Blue OP-1048, Egyptian Stone OP-1066, Emerald Green OP-1053, Feroza Blue OP-1049, Golden Yellow OP-1010, Grass Green OP-1057, Green Beige OP-1069, Grey Hound OP-1079, Ivory White OP-1005, Jawel Ferozee OP-1052, Leather Brown OP-1070, Lemon Yellow OP-1009, Light Blue OP-1043, Light Grey OP-1080, Luminous Red OP-1025, Malta Orange OP-1018, Midnight Blue OP-1044, Military Green OP-1059, Mint Green OP-1063, Mint Turquoise OP-1064, National Green OP-1058, Night Blue OP-1047, Ocean Blue OP-1046, Ochre Brown OP-1073, Ochre Yellow OP-1014, Off White OP-1006, Orange Brown OP-1072, Oxford Blue OP-1038, Oyster White OP-1007, PAF Grey OP-1086, Pak Green OP-1054, Pale Brown OP-1075, Panther Black OP-1088, Parrot Green OP-1055, PIA Green OP-1056, Platinum Grey OP-1083, PN Grey OP-1081, Post Office Red OP-1022, Pure White OP-1001, Rabbit White OP-1002, Raspberry Red OP-1024, Rich Cream OP-1008, Rose Pink OP-1032, Salmon Orange OP-1016, Salmon Pink OP-1031, Sapphire Blue OP-1040, Sepia Brown OP-1074, Sexy Pink OP-1030, Signal Red OP-1020, Skin Pink OP-1033, Slate Grey OP-1085, Strawberry Red OP-1029, Sulfur Yellow OP-1012, Sunlight Yellow OP-1015, Sweet Blue OP-1050, Tank White OP-1004, Teakwood Brown OP-1076, Terracotta Red OP-1019, Tomato Red OP-1023, Traffic Green OP-1062, Traffic Purple OP-1035, Turquoise Green OP-1060, Vespa Blue OP-1045, Vivid Blue OP-1041, Wine Red OP-1028, Wonderful Blue OP-1051, Yellow Green OP-1061, Ziroc Green OP-1065",1.0,1.0,,,,,,,,
2,145,simple,,FRP Small Trapezoid Sheet,1,0,visible,"FRP small trapezoid sheets are a modern roofing material made of fiber-reinforced plastic that provides excellent strength, durability, and weather resistance. With their sleek and compact design, these sheets are ideal for small-scale roofing applications, such as sheds, garages, and agricultural structures, providing reliable protection against the elements.",Properties Lightweight FRP sheets are lightweight making them easy to handle and install High strength FRP sheets are stronger than many traditional roofing materials providing reliable protection against impact and weathering Weather resistance FRP sheets are highly resistant to UV rays corrosion and extreme weather conditions Excellent water drainage The trapezoidal shape of these sheets allows for excellent water drainage preventing water buildup and minimizing the risk of leaks Low thermal conductivity FRP sheets have low thermal conductivity helping to maintain a consistent temperature inside the building Fire resistance FRP sheets have good fire resistance properties reducing the risk of fire spread in case of a fireSelect colors from below,,,taxable,,1,,,0,0,,,,,0,,,300.0,FRP Sheets,"fiber glass sheet, fiber glass trapezoid sheet, frp sheet, frp trapezoid sheet, small trapezoid sheet, trapezoid sheet",,"https://shopmasterpk.com/wp-content/uploads/2023/02/small-corrugated.jpg, https://shopmasterpk.com/wp-content/uploads/2023/02/20230301_174134-PhotoRoom.png-PhotoRoom.png, https://shopmasterpk.com/wp-content/uploads/2023/02/20230301_174311-PhotoRoom.png-PhotoRoom.png, https://shopmasterpk.com/wp-content/uploads/2023/02/DSC03987-removebg-preview-PhotoRoom.png-PhotoRoom.png, https://shopmasterpk.com/wp-content/uploads/2023/02/img3.jpg, https://shopmasterpk.com/wp-content/uploads/2023/02/img5.jpg",,,,,,,,,0,Color,"Brilliant White OP-1003, Ivory White OP-1005, Off White OP-1006, Pure White OP-1001, Rabbit White OP-1002, Tank White OP-1004",1.0,1.0,,,,,,,,
3,146,simple,,FRP Small Corrugated Sheet SC,1,0,visible,"F.R.P Small Corrugated sheets can be distinguished by the repetitive folds on their surface. The unique shape of the sheets not only offers years of reliable utility and greater strength but also ensures optimal water runoff, preventing any potential leaks or water damage. So, if you are looking for a versatile and durable roofing solution that can handle the toughest weather conditions. Look no further than FRP small corrugated sheets!",Properties Prevents water build up Due to the unique shape corrugated roof sheets help water run downwards and keeps your roof top clear Withstand weather conditions Equipped to survive all weather conditions corrugated sheets provide a protective barrier to your establishments and never rusts Lightweight Easier to transport handle and install Durable Incredibly strong and resistant to damage from weather UV radiation and corrosion which makes them ideal for outdoor use Low maintenance Requires minimal maintenance and cleaning which can save time and money over the long term Costeffective Their long lifespan makes them a costeffective investment in the long term Fireresistant They have excellent fireresistant properties making them a safer choice for building structures in areas with high fire risk Design The corrugated texture on the sheets with ridges and grooves make them stronger and durableSelect colors from below,,,taxable,,1,,,0,0,,,,,0,,,280.0,FRP Sheets,"Fiber glass Corrugated sheet, fiber glass sheet, Frp corrugated sheet, frp sheet, GI corrugation sheet, SC corrugated Sheet, SC sheet",,"https://shopmasterpk.com/wp-content/uploads/2023/02/Product-Image-Template.png, https://shopmasterpk.com/wp-content/uploads/2023/02/Fiber-Glass-Corrugated-Sheet-Panel-Ribs-1024x422-3.png, https://shopmasterpk.com/wp-content/uploads/2023/01/DSC04000-scaled.jpg, https://shopmasterpk.com/wp-content/uploads/2023/01/DSC03993-scaled.jpg, https://shopmasterpk.com/wp-content/uploads/2023/02/img3.jpg, https://shopmasterpk.com/wp-content/uploads/2023/02/img5.jpg",,,,,,,,,0,Color,"Brilliant White OP-1003, Ivory White OP-1005, Off White OP-1006, Pure White OP-1001, Rabbit White OP-1002, Tank White OP-1004",1.0,1.0,Thickness,"1.5 MM, 2 MM, 2.5 MM, 3 MM",1.0,1.0,,,,
4,148,simple,,FRP Large Corrugated Sheet AC,1,0,visible,"FRP large corrugated sheets are an innovative roofing solution made of fiber-reinforced plastic that provides exceptional durability, flexibility, and weather resistance, making them perfect for industrial, commercial, and residential applications.",Properties Prevents water build up Due to the unique shape corrugated roof sheets help water run downwards and keeps your roof top clear Withstand weather conditions Equipped to survive all weather conditions corrugated sheets provide a protective barrier to your establishments and never rusts Lightweight Easier to transport handle and install Durable Incredibly strong and resistant to damage from weather UV radiation and corrosion which makes them ideal for outdoor use Low maintenance Requires minimal maintenance and cleaning which can save time and money over the long term Costeffective Their long lifespan makes them a costeffective investment in the long term Fireresistant They have excellent fireresistant properties making them a safer choice for building structures in areas with high fire risk Design The corrugated texture on the sheets with ridges and grooves make them stronger and durableSelect colors from below ,,,taxable,,1,,,0,0,,,,,0,,,265.0,FRP Sheets,"Asbestos Sheet, fiber glass AC sheet, fiber glass sheet, FRP Large AC Sheet, frp sheet",,"https://shopmasterpk.com/wp-content/uploads/2023/02/AC-sheet.jpg, https://shopmasterpk.com/wp-content/uploads/2023/02/large-ac.jpg, https://shopmasterpk.com/wp-content/uploads/2023/02/Fiber-Glass-Corrugated-Sheet-Panel-Ribs-1024x422-2.png, https://shopmasterpk.com/wp-content/uploads/2023/02/img3.jpg, https://shopmasterpk.com/wp-content/uploads/2023/02/img5.jpg",,,,,,,,,0,,,,,,,,,,,,
5,151,simple,,FRP Panel Ribs Sheet,1,0,visible,"FRP Panel Ribs sheets are a versatile and lightweight roofing material made of fiber-reinforced plastic with a ribbed surface that provides excellent strength and structural support. These sheets are ideal for a range of applications, including agriculture, construction, and transportation",Uses Agricultural applications such as greenhouse roofing animal shelters and storage buildings Construction applications such as roofing and siding for commercial and industrial buildings as well as interior wall panels and partitions Transportation applications such as truck trailer roofs and side walls as well as interior panels for RVs and busesProperties Durability They are resistant to corrosion UV rays and weathering making them ideal for outdoor use Lightweight FRP panels are much lighter than traditional roofing materials making them easier to handle and install Versatility FRP panel ribs sheet can be used for a variety of applications and are available in a range of colors and profiles to fit different design needs Low maintenance FRP panels require minimal maintenance and cleaning Costeffective FRP panels are an affordable roofing solution especially when compared to traditional materials like metal or concreteSelect colors from below,,,taxable,,1,,,0,0,,,,,0,,,330.0,FRP Sheets,"fiber glass sheet, fiber panel rib sheet, Frp panel rib sheet, frp sheet, panel rib sheet",,"https://shopmasterpk.com/wp-content/uploads/2023/02/panel-rib.jpg, https://shopmasterpk.com/wp-content/uploads/2023/02/Fiber-Glass-Corrugated-Sheet-Panel-Ribs-1024x422-1.png, https://shopmasterpk.com/wp-content/uploads/2023/02/img3.jpg, https://shopmasterpk.com/wp-content/uploads/2023/02/img5.jpg",,,,,,,,,0,,,,,,,,,,,,
6,152,simple,,FRP Large Trapezoid Sheet,1,0,visible,"FRP large trapezoid sheets are a cutting-edge roofing material made of fiber-reinforced plastic that offers superior strength, durability, and weather resistance. With their unique trapezoidal shape, these sheets provide excellent water drainage and are ideal for a variety of commercial, industrial, and agricultural applications.",Properties Strength and durability FRP sheets are stronger and more durable than traditional roofing materials making them resistant to impact weathering and corrosion Lightweight FRP sheets are lightweight making them easy to handle transport and install Weather resistance FRP sheets are resistant to UV rays and extreme weather conditions making them suitable for use in areas with harsh weather conditions Low maintenance FRP sheets require minimal maintenance and can be easily cleaned with soap and water Water drainage The trapezoidal shape of these sheets allows for excellent water drainage making them ideal for roofing applications where water runoff is important Costeffective FRP sheets are an affordable roofing solution especially when compared to traditional materials like metal or concreteSelect colors from below ,,,taxable,,1,,,0,0,,,,,0,,,300.0,FRP Sheets,"fiber glass large trapezoid sheet, fiber glass sheet, fiber sheet, frp sheet, sheet, trapezoid sheet",,"https://shopmasterpk.com/wp-content/uploads/2023/02/trapezoid-ac.jpg, https://shopmasterpk.com/wp-content/uploads/2023/02/Screenshot_2023-03-08_180411-removebg-preview.png, https://shopmasterpk.com/wp-content/uploads/2023/02/img3.jpg, https://shopmasterpk.com/wp-content/uploads/2023/02/img5.jpg",,,,,,,,,0,,,,,,,,,,,,
7,164,variable,,FRP Deluxe Window Shade,1,0,visible,"FRP Deluxe Window Shade is a high-quality, durable window shade made from fiberglass reinforced plastic, designed to provide excellent light control and privacy for your home or office. They are available in wide range of colors and sizes.",FRP Window shades comes in various designs and has following advantages Light control Our Window shades give you the ability to control the amount of light that enters your home or office allowing you to create a comfortable and pleasant environment Privacy Provide an extra layer of privacy by blocking the view from outside This is especially important for groundlevel windows or windows facing busy streets Energy savings They can help to reduce your energy bills by blocking sunlight and heat from entering your home or office keeping your space cooler in the summer and warmer in the winter UV protection They protect your furniture floors and artwork from the damaging effects of UV rays which can cause fading and discoloration Easy maintenance Our Shades are easy to maintain and clean requiring only occasional dusting or vacuuming to keep them looking their best ,,,taxable,,1,,,0,0,,,,,0,,,,Window Shades,,,https://shopmasterpk.com/wp-content/uploads/2023/02/Product-Image-Template-6.png,,,,,,,,,0,Color,"Alpha Blue OP-1039, Aluminium Grey OP-1078, Blood Red OP-1021, Blue Grey OP-1084, Brilliant Blue OP-1042, Brilliant White OP-1003, Brinjal Violet OP-1037, Broom Yellow OP-1013, Brown Beige OP-1068, Brown Grey OP-1082, Burgandy Red OP-1026, Camel Brown OP-1071, Cat Black OP-1087, Chestnut Red OP-1027, Choco Brown OP-1067, Claret Violet OP-1036, Classic Yellow OP-1011, Copper Brown OP-1077, Deep Orange OP-1017, Diana Violet OP-1034, Distant Blue OP-1048, Egyptian Stone OP-1066, Emerald Green OP-1053, Feroza Blue OP-1049, Golden Yellow OP-1010, Grass Green OP-1057, Green Beige OP-1069, Grey Hound OP-1079, Ivory White OP-1005, Jawel Ferozee OP-1052, Leather Brown OP-1070, Lemon Yellow OP-1009, Light Blue OP-1043, Light Grey OP-1080, Luminous Red OP-1025, Malta Orange OP-1018, Midnight Blue OP-1044, Military Green OP-1059, Mint Green OP-1063, Mint Turquoise OP-1064, National Green OP-1058, Night Blue OP-1047, Ocean Blue OP-1046, Ochre Brown OP-1073, Ochre Yellow OP-1014, Off White OP-1006, Orange Brown OP-1072, Oxford Blue OP-1038, Oyster White OP-1007, PAF Grey OP-1086, Pak Green OP-1054, Pale Brown OP-1075, Panther Black OP-1088, Parrot Green OP-1055, PIA Green OP-1056, Platinum Grey OP-1083, PN Grey OP-1081, Post Office Red OP-1022, Pure White OP-1001, Rabbit White OP-1002, Raspberry Red OP-1024, Rich Cream OP-1008, Rose Pink OP-1032, Salmon Orange OP-1016, Salmon Pink OP-1031, Sapphire Blue OP-1040, Sepia Brown OP-1074, Sexy Pink OP-1030, Signal Red OP-1020, Skin Pink OP-1033, Slate Grey OP-1085, Strawberry Red OP-1029, Sulfur Yellow OP-1012, Sunlight Yellow OP-1015, Sweet Blue OP-1050, Tank White OP-1004, Teakwood Brown OP-1076, Terracotta Red OP-1019, Tomato Red OP-1023, Traffic Green OP-1062, Traffic Purple OP-1035, Turquoise Green OP-1060, Vespa Blue OP-1045, Vivid Blue OP-1041, Wine Red OP-1028, Wonderful Blue OP-1051, Yellow Green OP-1061, Ziroc Green OP-1065",1.0,1.0,WS-Sizes,"L-108″ x W-22”x H-12”, L-120″ x W-22”x H-12”, L-30"" x W-22"" x H-12"", L-36"" x W-22''x H-12'', L-48″ x W-22”x H-12”, L-60″ x W-22”x H-12”, L-72″ x W-22”x H-12”, L-84″ x W-22”x H-12”, L-96″ x W-22”x H-12”",1.0,1.0,,,,
8,165,variable,,FRP Royal Window Shade,1,0,visible,,CodeLength Width Height Price 3WS2148 22123WS22602212 3WS237222123WS248422123WS25962212Length Width Height Dropdown menuColor Dropdown menuFRP Window shades comes in various designs and has following advantagesAdvantages Light control Our Window shades give you the ability to control the amount of light that enters your home or office allowing you to create a comfortable and pleasant environment Privacy Provide an extra layer of privacy by blocking the view from outside This is especially important for groundlevel windows or windows facing busy streets Energy savings They can help to reduce your energy bills by blocking sunlight and heat from entering your home or office keeping your space cooler in the summer and warmer in the winter UV protection They protect your furniture floors and artwork from the damaging effects of UV rays which can cause fading and discoloration Easy maintenance Our Shades are easy to maintain and clean requiring only occasional dusting or vacuuming to keep them looking their best ,,,taxable,,1,,,0,0,,,,,0,,,,Window Shades,,,https://shopmasterpk.com/wp-content/uploads/2023/02/07-Royal-PhotoRoom.png-PhotoRoom.png,,,,,,,,,0,Color,"Alpha Blue OP-1039, Aluminium Grey OP-1078, Blood Red OP-1021, Blue Grey OP-1084, Brilliant Blue OP-1042, Brilliant White OP-1003, Brinjal Violet OP-1037, Broom Yellow OP-1013, Brown Beige OP-1068, Brown Grey OP-1082, Burgandy Red OP-1026, Camel Brown OP-1071, Cat Black OP-1087, Chestnut Red OP-1027, Choco Brown OP-1067, Claret Violet OP-1036, Classic Yellow OP-1011, Copper Brown OP-1077, Deep Orange OP-1017, Diana Violet OP-1034, Distant Blue OP-1048, Egyptian Stone OP-1066, Emerald Green OP-1053, Feroza Blue OP-1049, Golden Yellow OP-1010, Grass Green OP-1057, Green Beige OP-1069, Grey Hound OP-1079, Ivory White OP-1005, Jawel Ferozee OP-1052, Leather Brown OP-1070, Lemon Yellow OP-1009, Light Blue OP-1043, Light Grey OP-1080, Luminous Red OP-1025, Malta Orange OP-1018, Midnight Blue OP-1044, Military Green OP-1059, Mint Green OP-1063, Mint Turquoise OP-1064, National Green OP-1058, Night Blue OP-1047, Ocean Blue OP-1046, Ochre Brown OP-1073, Ochre Yellow OP-1014, Off White OP-1006, Orange Brown OP-1072, Oxford Blue OP-1038, Oyster White OP-1007, PAF Grey OP-1086, Pak Green OP-1054, Pale Brown OP-1075, Panther Black OP-1088, Parrot Green OP-1055, PIA Green OP-1056, Platinum Grey OP-1083, PN Grey OP-1081, Post Office Red OP-1022, Pure White OP-1001, Rabbit White OP-1002, Raspberry Red OP-1024, Rich Cream OP-1008, Rose Pink OP-1032, Salmon Orange OP-1016, Salmon Pink OP-1031, Sapphire Blue OP-1040, Sepia Brown OP-1074, Sexy Pink OP-1030, Signal Red OP-1020, Skin Pink OP-1033, Slate Grey OP-1085, Strawberry Red OP-1029, Sulfur Yellow OP-1012, Sunlight Yellow OP-1015, Sweet Blue OP-1050, Tank White OP-1004, Teakwood Brown OP-1076, Terracotta Red OP-1019, Tomato Red OP-1023, Traffic Green OP-1062, Traffic Purple OP-1035, Turquoise Green OP-1060, Vespa Blue OP-1045, Vivid Blue OP-1041, Wine Red OP-1028, Wonderful Blue OP-1051, Yellow Green OP-1061, Ziroc Green OP-1065",1.0,1.0,WS-Sizes,"L-48″ x W-22”x H-12”, L-60″ x W-22”x H-12”, L-72″ x W-22”x H-12”, L-84″ x W-22”x H-12”, L-96″ x W-22”x H-12”",1.0,1.0,,,,
9,166,variable,,FRP Supreme Window Shade,1,0,visible,"The F.R.P Supreme window shade is a high-quality, durable window treatment option made from reinforced fiberglass. It offers excellent heat and light blocking capabilities, and is resistant to fading, warping, and cracking, making it a great choice for any room in your home or office.",CodeLength Width Height Price 3WS3148 22123WS326022123WS337222123WS348422123WS35962212Length Width Height Dropdown menuColor Dropdown menuFRP Window shades comes in various designs and has following advantagesAdvantages Light control Our Window shades give you the ability to control the amount of light that enters your home or office allowing you to create a comfortable and pleasant environment Privacy Provide an extra layer of privacy by blocking the view from outside This is especially important for groundlevel windows or windows facing busy streets Energy savings They can help to reduce your energy bills by blocking sunlight and heat from entering your home or office keeping your space cooler in the summer and warmer in the winter UV protection They protect your furniture floors and artwork from the damaging effects of UV rays which can cause fading and discoloration Easy maintenance Our Shades are easy to maintain and clean requiring only occasional dusting or vacuuming to keep them looking their best ,,,taxable,,1,,,0,0,,,,,0,,,,Window Shades,,,https://shopmasterpk.com/wp-content/uploads/2023/02/08-Supreame-PhotoRoom.png-PhotoRoom.png,,,,,,,,,0,Color,"Alpha Blue OP-1039, Aluminium Grey OP-1078, Blood Red OP-1021, Blue Grey OP-1084, Brilliant Blue OP-1042, Brilliant White OP-1003, Brinjal Violet OP-1037, Broom Yellow OP-1013, Brown Beige OP-1068, Brown Grey OP-1082, Burgandy Red OP-1026, Camel Brown OP-1071, Cat Black OP-1087, Chestnut Red OP-1027, Choco Brown OP-1067, Claret Violet OP-1036, Classic Yellow OP-1011, Copper Brown OP-1077, Deep Orange OP-1017, Diana Violet OP-1034, Distant Blue OP-1048, Egyptian Stone OP-1066, Emerald Green OP-1053, Feroza Blue OP-1049, Golden Yellow OP-1010, Grass Green OP-1057, Green Beige OP-1069, Grey Hound OP-1079, Ivory White OP-1005, Jawel Ferozee OP-1052, Leather Brown OP-1070, Lemon Yellow OP-1009, Light Blue OP-1043, Light Grey OP-1080, Luminous Red OP-1025, Malta Orange OP-1018, Midnight Blue OP-1044, Military Green OP-1059, Mint Green OP-1063, Mint Turquoise OP-1064, National Green OP-1058, Night Blue OP-1047, Ocean Blue OP-1046, Ochre Brown OP-1073, Ochre Yellow OP-1014, Off White OP-1006, Orange Brown OP-1072, Oxford Blue OP-1038, Oyster White OP-1007, PAF Grey OP-1086, Pak Green OP-1054, Pale Brown OP-1075, Panther Black OP-1088, Parrot Green OP-1055, PIA Green OP-1056, Platinum Grey OP-1083, PN Grey OP-1081, Post Office Red OP-1022, Pure White OP-1001, Rabbit White OP-1002, Raspberry Red OP-1024, Rich Cream OP-1008, Rose Pink OP-1032, Salmon Orange OP-1016, Salmon Pink OP-1031, Sapphire Blue OP-1040, Sepia Brown OP-1074, Sexy Pink OP-1030, Signal Red OP-1020, Skin Pink OP-1033, Slate Grey OP-1085, Strawberry Red OP-1029, Sulfur Yellow OP-1012, Sunlight Yellow OP-1015, Sweet Blue OP-1050, Tank White OP-1004, Teakwood Brown OP-1076, Terracotta Red OP-1019, Tomato Red OP-1023, Traffic Green OP-1062, Traffic Purple OP-1035, Turquoise Green OP-1060, Vespa Blue OP-1045, Vivid Blue OP-1041, Wine Red OP-1028, Wonderful Blue OP-1051, Yellow Green OP-1061, Ziroc Green OP-1065",1.0,1.0,WS-Sizes,"L-36"" x W-22''x H-12'', L-48″ x W-22”x H-12”, L-60″ x W-22”x H-12”, L-72″ x W-22”x H-12”, L-84″ x W-22”x H-12”, L-96″ x W-22”x H-12”",1.0,1.0,,,,
10,167,variable,,FRP Half Round Window Shade,1,0,visible,"The F.R.P Half Round window shade is a sleek and stylish way to provide shading and privacy to your windows. Made from high-quality fiberglass reinforced plastic, it is durable and long-lasting. Its unique shape and design make it a great addition to any modern or contemporary home or office. It is available in wide range of colors and sizes.",CodeLength Width Height Price 3WS4148 2014 3WS426020143WS437220143WS448420143WS459620143WS4610820143WS471202014Length Width Height Dropdown menuColor Dropdown menuFRP Window shades comes in various designs and has following advantagesAdvantages Light control Our Window shades give you the ability to control the amount of light that enters your home or office allowing you to create a comfortable and pleasant environment Privacy Provide an extra layer of privacy by blocking the view from outside This is especially important for groundlevel windows or windows facing busy streets Energy savings They can help to reduce your energy bills by blocking sunlight and heat from entering your home or office keeping your space cooler in the summer and warmer in the winter UV protection They protect your furniture floors and artwork from the damaging effects of UV rays which can cause fading and discoloration Easy maintenance Our Shades are easy to maintain and clean requiring only occasional dusting or vacuuming to keep them looking their best  ,,,taxable,,1,,,0,0,,,,,0,,,,Window Shades,,,"https://shopmasterpk.com/wp-content/uploads/2023/02/01.png, https://shopmasterpk.com/wp-content/uploads/2023/02/DSC00259-scaled.jpg",,,,,,,,,0,Color,"Alpha Blue OP-1039, Aluminium Grey OP-1078, Blood Red OP-1021, Blue Grey OP-1084, Brilliant Blue OP-1042, Brilliant White OP-1003, Brinjal Violet OP-1037, Broom Yellow OP-1013, Brown Beige OP-1068, Brown Grey OP-1082, Burgandy Red OP-1026, Camel Brown OP-1071, Cat Black OP-1087, Chestnut Red OP-1027, Choco Brown OP-1067, Claret Violet OP-1036, Classic Yellow OP-1011, Copper Brown OP-1077, Deep Orange OP-1017, Diana Violet OP-1034, Distant Blue OP-1048, Egyptian Stone OP-1066, Emerald Green OP-1053, Feroza Blue OP-1049, Golden Yellow OP-1010, Grass Green OP-1057, Green Beige OP-1069, Grey Hound OP-1079, Ivory White OP-1005, Jawel Ferozee OP-1052, Leather Brown OP-1070, Lemon Yellow OP-1009, Light Blue OP-1043, Light Grey OP-1080, Luminous Red OP-1025, Malta Orange OP-1018, Midnight Blue OP-1044, Military Green OP-1059, Mint Green OP-1063, Mint Turquoise OP-1064, National Green OP-1058, Night Blue OP-1047, Ocean Blue OP-1046, Ochre Brown OP-1073, Ochre Yellow OP-1014, Off White OP-1006, Orange Brown OP-1072, Oxford Blue OP-1038, Oyster White OP-1007, PAF Grey OP-1086, Pak Green OP-1054, Pale Brown OP-1075, Panther Black OP-1088, Parrot Green OP-1055, PIA Green OP-1056, Platinum Grey OP-1083, PN Grey OP-1081, Post Office Red OP-1022, Pure White OP-1001, Rabbit White OP-1002, Raspberry Red OP-1024, Rich Cream OP-1008, Rose Pink OP-1032, Salmon Orange OP-1016, Salmon Pink OP-1031, Sapphire Blue OP-1040, Sepia Brown OP-1074, Sexy Pink OP-1030, Signal Red OP-1020, Skin Pink OP-1033, Slate Grey OP-1085, Strawberry Red OP-1029, Sulfur Yellow OP-1012, Sunlight Yellow OP-1015, Sweet Blue OP-1050, Tank White OP-1004, Teakwood Brown OP-1076, Terracotta Red OP-1019, Tomato Red OP-1023, Traffic Green OP-1062, Traffic Purple OP-1035, Turquoise Green OP-1060, Vespa Blue OP-1045, Vivid Blue OP-1041, Wine Red OP-1028, Wonderful Blue OP-1051, Yellow Green OP-1061, Ziroc Green OP-1065",1.0,1.0,WS-Sizes,"L-108” x W-20” x H-14”, L-120” x W-20” x H-14”, L-36'' x W-20'' x H-14'', L-48” x W-20” x H-14”, L-60” x W-20” x H-14”, L-72” x W-20” x H-14”, L-84” x W-20” x H-14”, L-96” x W-20” x H-14”",1.0,1.0,,,,
11,168,variable,,FRP Round Up Window Shade,1,0,visible,"The F.R.P Round up window shade is a durable and stylish option for your windows. Made from high-quality fiberglass, it offers protection from the sun while adding a modern touch to your home or office. Its round design is perfect for those who prefer a softer, more organic look. It is available in wide range of colors and sizes.",CodeLength Width Height Price 3WS5148 24243WS526024243WS537224243WS548424243WS559624243WS5610824243WS57120 2424Length Width Height Dropdown menuColor Dropdown menuFRP Window shades comes in various designs and has following advantagesAdvantages Light control Our Window shades give you the ability to control the amount of light that enters your home or office allowing you to create a comfortable and pleasant environment Privacy Provide an extra layer of privacy by blocking the view from outside This is especially important for groundlevel windows or windows facing busy streets Energy savings They can help to reduce your energy bills by blocking sunlight and heat from entering your home or office keeping your space cooler in the summer and warmer in the winter UV protection They protect your furniture floors and artwork from the damaging effects of UV rays which can cause fading and discoloration Easy maintenance Our Shades are easy to maintain and clean requiring only occasional dusting or vacuuming to keep them looking their best ,,,taxable,,1,,,0,0,,,,,0,,,,Window Shades,,,https://shopmasterpk.com/wp-content/uploads/2023/02/Category-Image-Template-1.png,,,,,,,,,0,Color,"Alpha Blue OP-1039, Aluminium Grey OP-1078, Blood Red OP-1021, Blue Grey OP-1084, Brilliant Blue OP-1042, Brilliant White OP-1003, Brinjal Violet OP-1037, Broom Yellow OP-1013, Brown Beige OP-1068, Brown Grey OP-1082, Burgandy Red OP-1026, Camel Brown OP-1071, Cat Black OP-1087, Chestnut Red OP-1027, Choco Brown OP-1067, Claret Violet OP-1036, Classic Yellow OP-1011, Copper Brown OP-1077, Deep Orange OP-1017, Diana Violet OP-1034, Distant Blue OP-1048, Egyptian Stone OP-1066, Emerald Green OP-1053, Feroza Blue OP-1049, Golden Yellow OP-1010, Grass Green OP-1057, Green Beige OP-1069, Grey Hound OP-1079, Ivory White OP-1005, Jawel Ferozee OP-1052, Leather Brown OP-1070, Lemon Yellow OP-1009, Light Blue OP-1043, Light Grey OP-1080, Luminous Red OP-1025, Malta Orange OP-1018, Midnight Blue OP-1044, Military Green OP-1059, Mint Green OP-1063, Mint Turquoise OP-1064, National Green OP-1058, Night Blue OP-1047, Ocean Blue OP-1046, Ochre Brown OP-1073, Ochre Yellow OP-1014, Off White OP-1006, Orange Brown OP-1072, Oxford Blue OP-1038, Oyster White OP-1007, PAF Grey OP-1086, Pak Green OP-1054, Pale Brown OP-1075, Panther Black OP-1088, Parrot Green OP-1055, PIA Green OP-1056, Platinum Grey OP-1083, PN Grey OP-1081, Post Office Red OP-1022, Pure White OP-1001, Rabbit White OP-1002, Raspberry Red OP-1024, Rich Cream OP-1008, Rose Pink OP-1032, Salmon Orange OP-1016, Salmon Pink OP-1031, Sapphire Blue OP-1040, Sepia Brown OP-1074, Sexy Pink OP-1030, Signal Red OP-1020, Skin Pink OP-1033, Slate Grey OP-1085, Strawberry Red OP-1029, Sulfur Yellow OP-1012, Sunlight Yellow OP-1015, Sweet Blue OP-1050, Tank White OP-1004, Teakwood Brown OP-1076, Terracotta Red OP-1019, Tomato Red OP-1023, Traffic Green OP-1062, Traffic Purple OP-1035, Turquoise Green OP-1060, Vespa Blue OP-1045, Vivid Blue OP-1041, Wine Red OP-1028, Wonderful Blue OP-1051, Yellow Green OP-1061, Ziroc Green OP-1065",1.0,1.0,WS-Sizes,"L-108” x W-24” x H-24”, L-120” x W-24” x H-24”, L-36” x W-24” x H-24”, L-48” x W-24” x H-24”, L-60” x W-24” x H-24”, L-72” x W-24” x H-24”, L-84” x W-24” x H-24”, L-96” x W-24” x H-24”",1.0,1.0,,,,
12,169,variable,,FRP Empire Window Shade,1,0,visible,"F.R.P Empire Window Shades are a modern and stylish solution for controlling sunlight and heat in your home and office. They are available in a range of colors and finishes, including high-gloss, matte, and textured, giving them an aesthetic appeal that can enhance any space. These are also customizable, allowing you to choose the size and shape that best fits your windows.",FRP Window shades comes in various designs and has following advantages Light control Our Window shades give you the ability to control the amount of light that enters your home or office allowing you to create a comfortable and pleasant environment Privacy Provide an extra layer of privacy by blocking the view from outside This is especially important for groundlevel windows or windows facing busy streets Energy savings They can help to reduce your energy bills by blocking sunlight and heat from entering your home or office keeping your space cooler in the summer and warmer in the winter UV protection They protect your furniture floors and artwork from the damaging effects of UV rays which can cause fading and discoloration Easy maintenance Our Shades are easy to maintain and clean requiring only occasional dusting or vacuuming to keep them looking their best,,,taxable,,1,,,0,0,,,,,0,,,,Window Shades,,,"https://shopmasterpk.com/wp-content/uploads/2023/02/Product-Image-Template-12.png, https://shopmasterpk.com/wp-content/uploads/2023/02/P1030617.jpg",,,,,,,,,0,Color,"Alpha Blue OP-1039, Aluminium Grey OP-1078, Blood Red OP-1021, Blue Grey OP-1084, Brilliant Blue OP-1042, Brilliant White OP-1003, Brinjal Violet OP-1037, Broom Yellow OP-1013, Brown Beige OP-1068, Brown Grey OP-1082, Burgandy Red OP-1026, Camel Brown OP-1071, Cat Black OP-1087, Chestnut Red OP-1027, Choco Brown OP-1067, Claret Violet OP-1036, Classic Yellow OP-1011, Copper Brown OP-1077, Deep Orange OP-1017, Diana Violet OP-1034, Distant Blue OP-1048, Egyptian Stone OP-1066, Emerald Green OP-1053, Feroza Blue OP-1049, Golden Yellow OP-1010, Grass Green OP-1057, Green Beige OP-1069, Grey Hound OP-1079, Ivory White OP-1005, Jawel Ferozee OP-1052, Leather Brown OP-1070, Lemon Yellow OP-1009, Light Blue OP-1043, Light Grey OP-1080, Luminous Red OP-1025, Malta Orange OP-1018, Midnight Blue OP-1044, Military Green OP-1059, Mint Green OP-1063, Mint Turquoise OP-1064, National Green OP-1058, Night Blue OP-1047, Ocean Blue OP-1046, Ochre Brown OP-1073, Ochre Yellow OP-1014, Off White OP-1006, Orange Brown OP-1072, Oxford Blue OP-1038, Oyster White OP-1007, PAF Grey OP-1086, Pak Green OP-1054, Pale Brown OP-1075, Panther Black OP-1088, Parrot Green OP-1055, PIA Green OP-1056, Platinum Grey OP-1083, PN Grey OP-1081, Post Office Red OP-1022, Pure White OP-1001, Rabbit White OP-1002, Raspberry Red OP-1024, Rich Cream OP-1008, Rose Pink OP-1032, Salmon Orange OP-1016, Salmon Pink OP-1031, Sapphire Blue OP-1040, Sepia Brown OP-1074, Sexy Pink OP-1030, Signal Red OP-1020, Skin Pink OP-1033, Slate Grey OP-1085, Strawberry Red OP-1029, Sulfur Yellow OP-1012, Sunlight Yellow OP-1015, Sweet Blue OP-1050, Tank White OP-1004, Teakwood Brown OP-1076, Terracotta Red OP-1019, Tomato Red OP-1023, Traffic Green OP-1062, Traffic Purple OP-1035, Turquoise Green OP-1060, Vespa Blue OP-1045, Vivid Blue OP-1041, Wine Red OP-1028, Wonderful Blue OP-1051, Yellow Green OP-1061, Ziroc Green OP-1065",1.0,1.0,WS-Sizes,"L-108” x W-24” x H-24”, L-120” x W-24” x H-24”, L-48” x W-24” x H-24”, L-60” x W-24” x H-24”, L-72” x W-24” x H-24”, L-84” x W-24” x H-24”, L-96” x W-24” x H-24”",1.0,1.0,,,,
13,171,variable,,FRP Metro Window Shade,1,0,visible,"The F.R.P Metro window shade is a high-quality and durable window treatment option. They are available in a range of colors and finishes, including high-gloss, matte, and textured, giving them an aesthetic appeal that can enhance any space. These are also customizable, allowing you to choose the size and shape that best fits your windows.",FRP Window shades comes in various designs and has following advantages Light control Our Window shades give you the ability to control the amount of light that enters your home or office allowing you to create a comfortable and pleasant environment Privacy Provide an extra layer of privacy by blocking the view from outside This is especially important for groundlevel windows or windows facing busy streets Energy savings They can help to reduce your energy bills by blocking sunlight and heat from entering your home or office keeping your space cooler in the summer and warmer in the winter UV protection They protect your furniture floors and artwork from the damaging effects of UV rays which can cause fading and discoloration Easy maintenance Our Shades are easy to maintain and clean requiring only occasional dusting or vacuuming to keep them looking their best,,,taxable,,1,,,0,0,,,,,0,,,,Window Shades,,,"https://shopmasterpk.com/wp-content/uploads/2023/02/Product-Image-Template-13.png, https://shopmasterpk.com/wp-content/uploads/2023/02/P1000327.jpg",,,,,,,,,0,Color,"Alpha Blue OP-1039, Aluminium Grey OP-1078, Blood Red OP-1021, Blue Grey OP-1084, Brilliant Blue OP-1042, Brilliant White OP-1003, Brinjal Violet OP-1037, Broom Yellow OP-1013, Brown Beige OP-1068, Brown Grey OP-1082, Burgandy Red OP-1026, Camel Brown OP-1071, Cat Black OP-1087, Chestnut Red OP-1027, Choco Brown OP-1067, Claret Violet OP-1036, Classic Yellow OP-1011, Copper Brown OP-1077, Deep Orange OP-1017, Diana Violet OP-1034, Distant Blue OP-1048, Egyptian Stone OP-1066, Emerald Green OP-1053, Feroza Blue OP-1049, Golden Yellow OP-1010, Grass Green OP-1057, Green Beige OP-1069, Grey Hound OP-1079, Ivory White OP-1005, Jawel Ferozee OP-1052, Leather Brown OP-1070, Lemon Yellow OP-1009, Light Blue OP-1043, Light Grey OP-1080, Luminous Red OP-1025, Malta Orange OP-1018, Midnight Blue OP-1044, Military Green OP-1059, Mint Green OP-1063, Mint Turquoise OP-1064, National Green OP-1058, Night Blue OP-1047, Ocean Blue OP-1046, Ochre Brown OP-1073, Ochre Yellow OP-1014, Off White OP-1006, Orange Brown OP-1072, Oxford Blue OP-1038, Oyster White OP-1007, PAF Grey OP-1086, Pak Green OP-1054, Pale Brown OP-1075, Panther Black OP-1088, Parrot Green OP-1055, PIA Green OP-1056, Platinum Grey OP-1083, PN Grey OP-1081, Post Office Red OP-1022, Pure White OP-1001, Rabbit White OP-1002, Raspberry Red OP-1024, Rich Cream OP-1008, Rose Pink OP-1032, Salmon Orange OP-1016, Salmon Pink OP-1031, Sapphire Blue OP-1040, Sepia Brown OP-1074, Sexy Pink OP-1030, Signal Red OP-1020, Skin Pink OP-1033, Slate Grey OP-1085, Strawberry Red OP-1029, Sulfur Yellow OP-1012, Sunlight Yellow OP-1015, Sweet Blue OP-1050, Tank White OP-1004, Teakwood Brown OP-1076, Terracotta Red OP-1019, Tomato Red OP-1023, Traffic Green OP-1062, Traffic Purple OP-1035, Turquoise Green OP-1060, Vespa Blue OP-1045, Vivid Blue OP-1041, Wine Red OP-1028, Wonderful Blue OP-1051, Yellow Green OP-1061, Ziroc Green OP-1065",1.0,1.0,WS-Sizes,"L- 102″ x W-32″ x H-24″, L- 42″ x W-32″ x H-24″, L- 54″ x W-32″ x H-24″, L- 66″ x W-32″ x H-24″, L- 78″ x W-32″ x H-24″, L- 90″ x W-32″ x H-24″",1.0,1.0,,,,
14,180,simple,,Fiber Glass Dust Bin,'-1,0,visible,,CodeProduct NameLenghtDiaHeightWidth1D04Fiber Glass Dust Bin12281D05Fiber Glass Dust Bin15311D06Fiber Glass Dust Bin18381D07Fiber Glass Dust Bin12281D08Fiber Glass Dust Bin15311D09Fiber Glass Dust Bin18381D10Fiber Glass Dust Bin12281D11Fiber Glass Dust Bin15311D12Fiber Glass Dust Bin18381D13Fiber Glass Dust Bin12281D14Fiber Glass Dust Bin15311D15Fiber Glass Dust Bin18381D16Fiber Glass Dust Bin18301D17Fiber Glass Dust Bin18301D18Fiber Glass Dust Bin18301D19Fiber Glass Dust Bin18301D20Fiber Glass Dust Bin18301D21Fiber Glass Dust Bin18381D22Fiber Glass Dust Bin41 2151D23Fiber Glass Dust Bin32 16 Code Dropdown menu Sizes Images    ,,,taxable,,1,,,0,0,,,,,0,,,,FRP Sheets,,,,,,,,,,,,0,,,,,,,,,,,,
15,186,simple,,Fiber Glass Electric Distribution Board,'-1,0,visible,,CODEPRODUCT NAMEWIDTHHEIGHTEDB01FIBER GLASS ELECTRIC DISTRIBUTION BOARD DBs4153EDB02FIBER GLASS ELECTRIC DISTRIBUTION BOARD DBs3048EDB03FIBER GLASS ELECTRIC DISTRIBUTION BOARD DBs3035EDB04FIBER GLASS ELECTRIC DISTRIBUTION BOARD DBs2935EDB05FIBER GLASS ELECTRIC DISTRIBUTION BOARD DBs1928EDB06FIBER GLASS ELECTRIC DISTRIBUTION BOARD DBs1720EDB07FIBER GLASS ELECTRIC DISTRIBUTION BOARD DBs2525EDB08FIBER GLASS ELECTRIC DISTRIBUTION BOARD DBs2437EDB09FIBER GLASS ELECTRIC DISTRIBUTION BOARD DBs2440 Sizes Dropdown menu ,,,taxable,,1,,,0,0,,,,,0,,,,FRP Sheets,,,,,,,,,,,,0,,,,,,,,,,,,
16,202,simple,,FRP Canopies,'-1,0,visible,,CodeFRP CanopiesLWHPC01Pyramid Canopy 2mm393914PC02Pyramid Canopy 2mm414114PC03Pyramid Canopy 25mm606018PC04Pyramid Canopy 25mm727224PC05Pyramid Canopy 35mm10510530Name with Length Width OR Code Dropdown menuColor  Dropdown menu ,,,taxable,,1,,,0,0,,,,,0,,,,FRP Sheets,,,,,,,,,,,,0,,,,,,,,,,,,
17,203,simple,,FRP Washroom Double Wall finish With WC,'-1,0,visible,,CodeBath CabinLWHCR01Double Wall finish With WC Basin Shower505090CR02Double Wall finish With Comode BasinShower505090 Name with Length Width OR Code Dropdown menuColor  Dropdown menu  ,,,taxable,,1,,,0,0,,,,,0,,,,FRP Sheets,,,,,,,,,,,,0,,,,,,,,,,,,
18,204,simple,,FRP Security Cabin,'-1,0,visible,,CodeSecurity CabinLWHCR03Singal Wall With MS Pipe str without DoorWindow484890CR04Singal Wall With MS Pipe str With DoorWindow484890CR05Double Wall With Alum Window Door545496CR06Singal Wall With Alum Window Door6060100CR07Security Post with Round wall without DoorDia89CR08Airport Security Post Canopy with MS Pipe PillarDia99Name with Length Width OR Code Dropdown menuColor  Dropdown menu  ,,,taxable,,1,,,0,0,,,,,0,,,,FRP Sheets,,,,,,,,,,,,0,,,,,,,,,,,,
19,207,variable,,FRP Room / Cabin,'-1,0,visible,,CodeRoom CabinLWHCR09Single wall Room with Door Window2168102CR10Single wall Room with Door Window11089Name with Length Width OR Code Dropdown menuColor  Dropdown menu  ,,,taxable,,0,,,0,0,,,,,0,,,,FRP Sheets,,,,,,,,,,,,0,Color,,1.0,1.0,,,,,,,,
20,208,simple,,FRP Road Blocker,'-1,0,visible,,CodeITEMLWHMC01Road Blocker781423,,,taxable,,1,,,0,0,,,,,0,,,,FRP Sheets,,,,,,,,,,,,0,,,,,,,,,,,,
21,209,simple,,FRP Courier Box TCS &amp; DHL Shape,'-1,0,visible,,CodeITEMLWHMC02Courier Box TCS DHL Shape262020,,,taxable,,1,,,0,0,,,,,0,,,,FRP Sheets,,,,,,,,,,,,0,,,,,,,,,,,,
22,210,simple,,FRP Swimming Pool,'-1,0,visible,,CodeITEMLWHMC04Swimming Pool101030,,,taxable,,1,,,0,0,,,,,0,,,,FRP Sheets,,,,,,,,,,,,0,,,,,,,,,,,,
23,211,simple,,FRP Fish Tub,'-1,0,visible,,CodeITEMLWHMC05Fish Tub8430,,,taxable,,1,,,0,0,,,,,0,,,,FRP Sheets,,,,,,,,,,,,0,,,,,,,,,,,,
24,212,simple,,FRP Ice Box,'-1,0,visible,,CodeITEMLWHMC06Ice Box Double wall Insulated 15 Thick633,,,taxable,,1,,,0,0,,,,,0,,,,FRP Sheets,,,,,,,,,,,,0,,,,,,,,,,,,
25,214,simple,,FRP Dome,'-1,0,visible,,CodeFRP DomeFlangeDomeHeightDB01FRP Dome 25 mm Thick4318DB02FRP Dome 25 mm Thick5424DB03FRP Dome 3 mm Thick8630DB04FRP Dome 3 mm Thick10284DB05FRP Canopy Dome 3 mm Thick111022DB06FRP Canopy Dome 3 mm Thick13123DB07FRP Dome 4mm Single Colour1351395DB08FRP Dome 4mm Embossed Designing1351395DB09FRP Base 4mm Thick for 13 Dome13117DB10FRP Dome with Base 24x24 Dome 21242127 Thickness with Flange Dome Height OR Code Dropdown menuColor  Dropdown menu   ,,,taxable,,1,,,0,0,,,,,0,,,,FRP Sheets,,,,,,,,,,,,0,,,,,,,,,,,,
26,258,simple,,FRP Washroom Double Wall Finish With Comode,'-1,0,visible,,CodeBath CabinLWHCR01Double Wall finish With WC Basin Shower505090CR02Double Wall finish With Comode BasinShower505090 Name with Length Width OR Code Dropdown menuColor  Dropdown menu,,,taxable,,1,,,0,0,,,,,0,,,,FRP Sheets,,,,,,,,,,,,0,,,,,,,,,,,,
27,266,variable,,MCIR Resins,1,0,visible,"MCIR contains a variety of unsaturated polyester resins that can be molded and shaped to create a wide range of products, from small prototypes to large-scale structures.\nProperties and uses of each type is mentioned in the description below",,,,taxable,,1,,,0,0,,,,,0,,,,Unsaturated Polyester Resins,"fiber glass resin, gel coat, gp resin, industrial resin, iso resin, Resin, unsaturated polyester resin",,"https://shopmasterpk.com/wp-content/uploads/2023/02/Drum-Pic.png, https://shopmasterpk.com/wp-content/uploads/2023/02/Drum-Pic.jpg, https://shopmasterpk.com/wp-content/uploads/2023/02/edited-resin-pic-1.png",,,,,,,,,0,MCIR Product code,"MCIR - 303 - GC, MCIR - 304 - WGC, MCIR - 313 - ISO, MCIR - 414 - MG, MCIR - 515 - GP Resin, MCIR - 616 - GP Resin, MCIR - 713 - PET Resin, MCIR - 733 - PET Resin",1.0,1.0,,,,,,,,
28,288,variation,3WS01,FRP Economy Window Shade - L-30″ x W-20” x H-6″,1,0,visible,,,,,taxable,parent,1,,,0,0,'-,30.0,20.0,6.0,0,,,5940.0,,,,,,,id:20,,,,,,9,Color,,,1.0,WS-Sizes,L-30″ x W-20” x H-6″,,1.0,,,,
29,289,variation,3WS02,FRP Economy Window Shade - L-36″ x W-20” x H-6″,1,0,visible,,,,,taxable,parent,1,,,0,0,'-,36.0,20.0,6.0,0,,,6210.0,,,,,,,id:20,,,,,,8,Color,,,1.0,WS-Sizes,L-36″ x W-20” x H-6″,,1.0,,,,
30,290,variation,3WS03,FRP Economy Window Shade - L-48″ x W-20″ x H-6″,1,0,visible,,,,,taxable,parent,1,,,0,0,'-,48.0,20.0,6.0,0,,,7020.0,,,,,,,id:20,,,,,,7,Color,,,1.0,WS-Sizes,L-48″ x W-20″ x H-6″,,1.0,,,,
31,291,variation,3WS04,FRP Economy Window Shade - L-60″ x W-20″ x H-6″,1,0,visible,,,,,taxable,parent,1,,,0,0,'-,,,,0,,,7830.0,,,,,,,id:20,,,,,,6,Color,,,1.0,WS-Sizes,L-60″ x W-20″ x H-6″,,1.0,,,,
32,292,variation,3WS05,FRP Economy Window Shade - L-72″ x W-20″ x H-6″,1,0,visible,,,,,taxable,parent,1,,,0,0,'-,72.0,20.0,6.0,0,,,9045.0,,,,,,,id:20,,,,,,5,Color,,,1.0,WS-Sizes,L-72″ x W-20″ x H-6″,,1.0,,,,
33,293,variation,3WS06,FRP Economy Window Shade - L-84″ x W-20” x H-6″,1,0,visible,,,,,taxable,parent,1,,,0,0,'-,84.0,20.0,6.0,0,,,10125.0,,,,,,,id:20,,,,,,4,Color,,,1.0,WS-Sizes,L-84″ x W-20” x H-6″,,1.0,,,,
34,294,variation,3WS07,FRP Economy Window Shade - L-96″ x W-20″ x H-6″,1,0,visible,,,,,taxable,parent,1,,,0,0,'-,96.0,20.0,6.0,0,,,11745.0,,,,,,,id:20,,,,,,1,Color,,,1.0,WS-Sizes,L-96″ x W-20″ x H-6″,,1.0,,,,
35,295,variation,3WS08,FRP Economy Window Shade - L-108″ x W-20″ x H-6″,1,0,visible,,,,,taxable,parent,1,,,0,0,'-,108.0,20.0,6.0,0,,,12610.0,,,,,,,id:20,,,,,,2,Color,,,1.0,WS-Sizes,L-108″ x W-20″ x H-6″,,1.0,,,,
36,296,variation,3WS09,FRP Economy Window Shade - L-120″ x W-20″ x H-6″,1,0,visible,,,,,taxable,parent,1,,,0,0,'-,120.0,20.0,6.0,0,,,14300.0,,,,,,,id:20,,,,,,0,Color,,,1.0,WS-Sizes,L-120″ x W-20″ x H-6″,,1.0,,,,
37,298,variation,3WS11,"FRP Deluxe Window Shade - L-30"" x W-22"" x H-12""",1,0,visible,,,,,taxable,parent,1,,,0,0,'-,30.0,22.0,12.0,0,,,6760.0,,,,,,,id:164,,,,,,9,Color,,,1.0,WS-Sizes,"L-30"" x W-22"" x H-12""",,1.0,,,,
38,299,variation,3WS12,"FRP Deluxe Window Shade - L-36"" x W-22''x H-12''",1,0,visible,,,,,taxable,parent,1,,,0,0,'-,36.0,22.0,12.0,0,,,7540.0,,,,,,,id:164,,,,,,1,Color,,,1.0,WS-Sizes,"L-36"" x W-22''x H-12''",,1.0,,,,
39,300,variation,3WS13,FRP Deluxe Window Shade - L-48″ x W-22”x H-12”,1,0,visible,,,,,taxable,parent,1,,,0,0,'-,48.0,22.0,12.0,0,,,8710.0,,,,,,,id:164,,,,,,2,Color,,,1.0,WS-Sizes,L-48″ x W-22”x H-12”,,1.0,,,,
40,301,variation,3WS14,FRP Deluxe Window Shade - L-60″ x W-22”x H-12”,1,0,visible,,,,,taxable,parent,1,,,0,0,'-,60.0,22.0,12.0,0,,,9750.0,,,,,,,id:164,,,,,,3,Color,,,1.0,WS-Sizes,L-60″ x W-22”x H-12”,,1.0,,,,
41,302,variation,3WS15,FRP Deluxe Window Shade - L-72″ x W-22”x H-12”,1,0,visible,,,,,taxable,parent,1,,,0,0,'-,72.0,22.0,12.0,0,,,11570.0,,,,,,,id:164,,,,,,4,Color,,,1.0,WS-Sizes,L-72″ x W-22”x H-12”,,1.0,,,,
42,303,variation,3WS16,FRP Deluxe Window Shade - L-84″ x W-22”x H-12”,1,0,visible,,,,,taxable,parent,1,,,0,0,'-,84.0,22.0,12.0,0,,,13000.0,,,,,,,id:164,,,,,,5,Color,,,1.0,WS-Sizes,L-84″ x W-22”x H-12”,,1.0,,,,
43,304,variation,3WS17,FRP Deluxe Window Shade - L-96″ x W-22”x H-12”,1,0,visible,,,,,taxable,parent,1,,,0,0,'-,96.0,22.0,12.0,0,,,14950.0,,,,,,,id:164,,,,,,6,Color,,,1.0,WS-Sizes,L-96″ x W-22”x H-12”,,1.0,,,,
44,305,variation,3WS19,FRP Deluxe Window Shade - L-108″ x W-22”x H-12”,1,0,visible,,,,,taxable,parent,1,,,0,0,'-,108.0,22.0,12.0,0,,,18460.0,,,,,,,id:164,,,,,,0,Color,,,1.0,WS-Sizes,L-108″ x W-22”x H-12”,,1.0,,,,
45,306,variation,3WS18,FRP Deluxe Window Shade - L-120″ x W-22”x H-12”,1,0,visible,,,,,taxable,parent,1,,,0,0,'-,120.0,22.0,12.0,0,,,16510.0,,,,,,,id:164,,,,,,0,Color,,,1.0,WS-Sizes,L-120″ x W-22”x H-12”,,1.0,,,,
46,307,variation,3WS21,FRP Royal Window Shade - L-48″ x W-22”x H-12”,1,0,visible,,,,,taxable,parent,1,,,0,0,'-,48.0,22.0,12.0,0,,,10530.0,,,,,,,id:165,,,,,,0,Color,,,1.0,WS-Sizes,L-48″ x W-22”x H-12”,,1.0,,,,
47,308,variation,3WS22,FRP Royal Window Shade - L-60″ x W-22”x H-12”,1,0,visible,,,,,taxable,parent,1,,,0,0,'-,60.0,22.0,12.0,0,,,11960.0,,,,,,,id:165,,,,,,0,Color,,,1.0,WS-Sizes,L-60″ x W-22”x H-12”,,1.0,,,,
48,309,variation,3WS23,FRP Royal Window Shade - L-72″ x W-22”x H-12”,1,0,visible,,,,,taxable,parent,1,,,0,0,'-,72.0,22.0,12.0,0,,,14300.0,,,,,,,id:165,,,,,,0,Color,,,1.0,WS-Sizes,L-72″ x W-22”x H-12”,,1.0,,,,
49,310,variation,3WS24,FRP Royal Window Shade - L-84″ x W-22”x H-12”,1,0,visible,,,,,taxable,parent,1,,,0,0,'-,84.0,22.0,12.0,0,,,15990.0,,,,,,,id:165,,,,,,0,Color,,,1.0,WS-Sizes,L-84″ x W-22”x H-12”,,1.0,,,,
50,311,variation,3WS25,FRP Royal Window Shade - L-96″ x W-22”x H-12”,1,0,visible,,,,,taxable,parent,1,,,0,0,,96.0,22.0,12.0,0,,,17680.0,,,,,,,id:165,,,,,,0,Color,,,1.0,WS-Sizes,L-96″ x W-22”x H-12”,,1.0,,,,
51,312,variation,3WS31,"FRP Supreme Window Shade - L-36"" x W-22''x H-12''",1,0,visible,,,,,taxable,parent,1,,,0,0,,36.0,22.0,12.0,0,,,8970.0,,,,,,,id:166,,,,,,0,Color,,,1.0,WS-Sizes,"L-36"" x W-22''x H-12''",,1.0,,,,
52,313,variation,3WS32,FRP Supreme Window Shade - L-48″ x W-22”x H-12”,1,0,visible,,,,,taxable,parent,1,,,0,0,,48.0,22.0,12.0,0,,,10140.0,,,,,,,id:166,,,,,,0,Color,,,1.0,WS-Sizes,L-48″ x W-22”x H-12”,,1.0,,,,
53,314,variation,3WS33,FRP Supreme Window Shade - L-60″ x W-22”x H-12”,1,0,visible,,,,,taxable,parent,1,,,0,0,,60.0,22.0,12.0,0,,,11960.0,,,,,,,id:166,,,,,,0,Color,,,1.0,WS-Sizes,L-60″ x W-22”x H-12”,,1.0,,,,
54,315,variation,3WS34,FRP Supreme Window Shade - L-72″ x W-22”x H-12”,1,0,visible,,,,,taxable,parent,1,,,0,0,,72.0,22.0,12.0,0,,,14300.0,,,,,,,id:166,,,,,,0,Color,,,1.0,WS-Sizes,L-72″ x W-22”x H-12”,,1.0,,,,
55,316,variation,3WS35,FRP Supreme Window Shade - L-84″ x W-22”x H-12”,1,0,visible,,,,,taxable,parent,1,,,0,0,'-,84.0,22.0,12.0,0,,,15990.0,,,,,,,id:166,,,,,,0,Color,,,1.0,WS-Sizes,L-84″ x W-22”x H-12”,,1.0,,,,
56,317,variation,3WS36,FRP Supreme Window Shade - L-96″ x W-22”x H-12”,1,0,visible,,,,,taxable,parent,1,,,0,0,'-,96.0,22.0,12.0,0,,,17680.0,,,,,,,id:166,,,,,,0,Color,,,1.0,WS-Sizes,L-96″ x W-22”x H-12”,,1.0,,,,
57,330,variation,,MCIR Resins - MCIR - 713 - PET Resin,1,0,visible,,MCIR713 is a PET resin used as economical solution for storage tanks toys translucent sheets ridge bath tub chairs sanitary Items other small FRP products,,,taxable,parent,1,,,0,0,220,,,,0,,,154000.0,,,,,,,id:266,,,,,,7,MCIR Product code,MCIR - 713 - PET Resin,,1.0,,,,,,,,
58,332,variation,,MCIR Resins - MCIR - 733 - PET Resin,1,0,visible,,MCIR733 is a PET resin used as a cheap solution for storage tanks toys sheets ridge bath tub chairs sanitary Items other small FRP products,,,taxable,parent,1,,,0,0,220,,,,0,,,143000.0,,,,,,,id:266,,,,,,8,MCIR Product code,MCIR - 733 - PET Resin,,1.0,,,,,,,,
59,334,variation,,MCIR Resins - MCIR - 616 - GP Resin,1,0,visible,,MCIR616 is a GP Resin thixotropic used in continuous lamination flat corrugated sheets storage tanks bath tubs boats portable cabin chairs other FRP products,,,taxable,parent,1,,,0,0,220,,,,0,,,150000.0,,,,,,,id:266,,,,,,6,MCIR Product code,MCIR - 616 - GP Resin,,1.0,,,,,,,,
60,335,variation,3WS41,FRP Half Round Window Shade - L-36'' x W-20'' x H-14'',1,0,visible,,,,,taxable,parent,1,,,0,0,'-,36.0,20.0,14.0,0,,,8320.0,,,,,,,id:167,,,,,,6,Color,,,1.0,WS-Sizes,L-36'' x W-20'' x H-14'',,1.0,,,,
61,336,variation,3WS42,FRP Half Round Window Shade - L-48” x W-20” x H-14”,1,0,visible,,,,,taxable,parent,1,,,0,0,'-,48.0,20.0,14.0,0,,,9360.0,,,,,,,id:167,,,,,,7,Color,,,1.0,WS-Sizes,L-48” x W-20” x H-14”,,1.0,,,,
62,337,variation,,MCIR Resins - MCIR - 515 - GP Resin,1,0,visible,,MCIR515 is a GP resin which is used in storage tanks bath tubs boats portable cabin flower pots shower tray chairs translucent sheets architectural panels etc,,,taxable,parent,1,,,0,0,220,,,,0,,,130000.0,,,,https://shopmasterpk.com/wp-content/uploads/2023/02/edited-resin-pic.png,,,id:266,,,,,,5,MCIR Product code,MCIR - 515 - GP Resin,,1.0,,,,,,,,
63,338,variation,3WS43,FRP Half Round Window Shade - L-60” x W-20” x H-14”,1,0,visible,,,,,taxable,parent,1,,,0,0,'-,60.0,20.0,14.0,0,,,10920.0,,,,,,,id:167,,,,,,8,Color,,,1.0,WS-Sizes,L-60” x W-20” x H-14”,,1.0,,,,
64,339,variation,3WS44,FRP Half Round Window Shade - L-72” x W-20” x H-14”,1,0,visible,,,,,taxable,parent,1,,,0,0,,72.0,20.0,14.0,0,,,12740.0,,,,,,,id:167,,,,,,4,Color,,,1.0,WS-Sizes,L-72” x W-20” x H-14”,,1.0,,,,
65,340,variation,3WS45,FRP Half Round Window Shade - L-84” x W-20” x H-14”,1,0,visible,,,,,taxable,parent,1,,,0,0,'-,84.0,20.0,14.0,0,,,14300.0,,,,,,,id:167,,,,,,5,Color,,,1.0,WS-Sizes,L-84” x W-20” x H-14”,,1.0,,,,
66,341,variation,3WS46,FRP Half Round Window Shade - L-96” x W-20” x H-14”,1,0,visible,,,,,taxable,parent,1,,,0,0,,96.0,20.0,14.0,0,,,15990.0,,,,,,,id:167,,,,,,1,Color,,,1.0,WS-Sizes,L-96” x W-20” x H-14”,,1.0,,,,
67,342,variation,3WS47,FRP Half Round Window Shade - L-108” x W-20” x H-14”,1,0,visible,,,,,taxable,parent,1,,,0,0,'-,108.0,20.0,14.0,0,,,18590.0,,,,,,,id:167,,,,,,0,Color,,,1.0,WS-Sizes,L-108” x W-20” x H-14”,,1.0,,,,
68,343,variation,3WS48,FRP Half Round Window Shade - L-120” x W-20” x H-14”,1,0,visible,,,,,taxable,parent,1,,,0,0,,120.0,20.0,14.0,0,,,20280.0,,,,,,,id:167,,,,,,3,Color,,,1.0,WS-Sizes,L-120” x W-20” x H-14”,,1.0,,,,
69,344,variation,3WS51,FRP Round Up Window Shade - L-36” x W-24” x H-24”,1,0,visible,,,,,taxable,parent,1,,,0,0,,36.0,24.0,24.0,0,,,10125.0,,,,,,,id:168,,,,,,1,Color,,,1.0,WS-Sizes,L-36” x W-24” x H-24”,,1.0,,,,
70,345,variation,3WS52,FRP Round Up Window Shade - L-48” x W-24” x H-24”,1,0,visible,,,,,taxable,parent,1,,,0,0,,48.0,24.0,24.0,0,,,11875.0,,,,,,,id:168,,,,,,2,Color,,,1.0,WS-Sizes,L-48” x W-24” x H-24”,,1.0,,,,
71,346,variation,3WS53,FRP Round Up Window Shade - L-60” x W-24” x H-24”,1,0,visible,,,,,taxable,parent,1,,,0,0,,60.0,24.0,24.0,0,,,13750.0,,,,,,,id:168,,,,,,0,Color,,,1.0,WS-Sizes,L-60” x W-24” x H-24”,,1.0,,,,
72,347,variation,3WS54,FRP Round Up Window Shade - L-72” x W-24” x H-24”,1,0,visible,,,,,taxable,parent,1,,,0,0,,72.0,24.0,24.0,0,,,15875.0,,,,,,,id:168,,,,,,4,Color,,,1.0,WS-Sizes,L-72” x W-24” x H-24”,,1.0,,,,
73,348,variation,3WS55,FRP Round Up Window Shade - L-84” x W-24” x H-24”,1,0,visible,,,,,taxable,parent,1,,,0,0,,84.0,24.0,24.0,0,,,17250.0,,,,,,,id:168,,,,,,5,Color,,,1.0,WS-Sizes,L-84” x W-24” x H-24”,,1.0,,,,
74,349,variation,3WS56,FRP Round Up Window Shade - L-96” x W-24” x H-24”,1,0,visible,,,,,taxable,parent,1,,,0,0,,96.0,24.0,24.0,0,,,18750.0,,,,,,,id:168,,,,,,6,Color,,,1.0,WS-Sizes,L-96” x W-24” x H-24”,,1.0,,,,
75,350,variation,3WS57,FRP Round Up Window Shade - L-108” x W-24” x H-24”,1,0,visible,,,,,taxable,parent,1,,,0,0,'-,108.0,24.0,24.0,0,,,20875.0,,,,,,,id:168,,,,,,7,Color,,,1.0,WS-Sizes,L-108” x W-24” x H-24”,,1.0,,,,
76,351,variation,3WS58,FRP Round Up Window Shade - L-120” x W-24” x H-24”,1,0,visible,,,,,taxable,parent,1,,,0,0,,120.0,24.0,24.0,0,,,23000.0,,,,,,,id:168,,,,,,8,Color,,,1.0,WS-Sizes,L-120” x W-24” x H-24”,,1.0,,,,
77,406,variation,3WS61,FRP Empire Window Shade - L-48” x W-24” x H-24”,1,0,visible,,,,,taxable,parent,1,,,0,0,,48.0,24.0,24.0,0,,,11500.0,,,,,,,id:169,,,,,,1,Color,,,1.0,WS-Sizes,L-48” x W-24” x H-24”,,1.0,,,,
78,407,variation,3WS62,FRP Empire Window Shade - L-60” x W-24” x H-24”,1,0,visible,,,,,taxable,parent,1,,,0,0,,60.0,24.0,24.0,0,,,13000.0,,,,,,,id:169,,,,,,2,Color,,,1.0,WS-Sizes,L-60” x W-24” x H-24”,,1.0,,,,
79,408,variation,3WS63,FRP Empire Window Shade - L-72” x W-24” x H-24”,1,0,visible,,,,,taxable,parent,1,,,0,0,'-,72.0,24.0,24.0,0,,,15875.0,,,,,,,id:169,,,,,,3,Color,,,1.0,WS-Sizes,L-72” x W-24” x H-24”,,1.0,,,,
80,409,variation,3WS64,FRP Empire Window Shade - L-84” x W-24” x H-24”,1,0,visible,,,,,taxable,parent,1,,,0,0,,84.0,24.0,24.0,0,,,17250.0,,,,,,,id:169,,,,,,4,Color,,,1.0,WS-Sizes,L-84” x W-24” x H-24”,,1.0,,,,
81,410,variation,3WS65,FRP Empire Window Shade - L-96” x W-24” x H-24”,1,0,visible,,,,,taxable,parent,1,,,0,0,,96.0,24.0,24.0,0,,,18750.0,,,,,,,id:169,,,,,,0,Color,,,1.0,WS-Sizes,L-96” x W-24” x H-24”,,1.0,,,,
82,411,variation,3WS66,FRP Empire Window Shade - L-108” x W-24” x H-24”,1,0,visible,,,,,taxable,parent,1,,,0,0,,108.0,24.0,24.0,0,,,20875.0,,,,,,,id:169,,,,,,0,Color,,,1.0,WS-Sizes,L-108” x W-24” x H-24”,,1.0,,,,
83,412,variation,3WS67,FRP Empire Window Shade - L-120” x W-24” x H-24”,1,0,visible,,,,,taxable,parent,1,,,0,0,,120.0,24.0,24.0,0,,,23000.0,,,,,,,id:169,,,,,,0,Color,,,1.0,WS-Sizes,L-120” x W-24” x H-24”,,1.0,,,,
84,413,variation,3WS71,FRP Metro Window Shade - L- 42″ x W-32″ x H-24″,1,0,visible,,,,,taxable,parent,1,,,0,0,,42.0,32.0,24.0,0,,,12250.0,,,,,,,id:171,,,,,,0,Color,,,1.0,WS-Sizes,L- 42″ x W-32″ x H-24″,,1.0,,,,
85,414,variation,3WS72,FRP Metro Window Shade - L- 54″ x W-32″ x H-24″,1,0,visible,,,,,taxable,parent,1,,,0,0,,54.0,32.0,24.0,0,,,13750.0,,,,,,,id:171,,,,,,0,Color,,,1.0,WS-Sizes,L- 54″ x W-32″ x H-24″,,1.0,,,,
86,415,variation,3WS73,FRP Metro Window Shade - L- 66″ x W-32″ x H-24″,1,0,visible,,,,,taxable,parent,1,,,0,0,,66.0,32.0,24.0,0,,,15875.0,,,,,,,id:171,,,,,,0,Color,,,1.0,WS-Sizes,L- 66″ x W-32″ x H-24″,,1.0,,,,
87,416,variation,3WS74,FRP Metro Window Shade - L- 78″ x W-32″ x H-24″,1,0,visible,,,,,taxable,parent,1,,,0,0,,78.0,32.0,24.0,0,,,17875.0,,,,,,,id:171,,,,,,0,Color,,,1.0,WS-Sizes,L- 78″ x W-32″ x H-24″,,1.0,,,,
88,417,variation,3WS75,FRP Metro Window Shade - L- 90″ x W-32″ x H-24″,1,0,visible,,,,,taxable,parent,1,,,0,0,,90.0,32.0,24.0,0,,,19875.0,,,,,,,id:171,,,,,,0,Color,,,1.0,WS-Sizes,L- 90″ x W-32″ x H-24″,,1.0,,,,
89,418,variation,3WS76,FRP Metro Window Shade - L- 102″ x W-32″ x H-24″,1,0,visible,,,,,taxable,parent,1,,,0,0,,102.0,32.0,24.0,0,,,21625.0,,,,,,,id:171,,,,,,0,Color,,,1.0,WS-Sizes,L- 102″ x W-32″ x H-24″,,1.0,,,,
90,502,variable,,FRP Master Wall Shades,1,0,visible,"F.R.P Master Wall Shades are the perfect combination of style and substance. Made with Fiber Reinforced Plastic, they offer exceptional strength and durability while boasting an array of eye-catching colors and finishes that will take your interior and exterior walls to the next level.",Properties Durability Easy to Clean Nonporous which means they dont absorb moisture or dirt Versatile Design Quick and Easy Installation Costeffective,,,taxable,,1,,,0,0,,,,,0,,,,FRP Wall Shade,"FRP, Master Wall Shades, wall shades",,"https://shopmasterpk.com/wp-content/uploads/2023/02/Product-Image-Template-8.png, https://shopmasterpk.com/wp-content/uploads/2023/02/P16-08-11_16.33-scaled.jpg, https://shopmasterpk.com/wp-content/uploads/2023/02/P09-04-11_10.5401-scaled.jpg, https://shopmasterpk.com/wp-content/uploads/2023/02/Product-Image-Template-11.png, https://shopmasterpk.com/wp-content/uploads/2023/02/P09-04-11_10.5402-scaled.jpg, https://shopmasterpk.com/wp-content/uploads/2023/02/P27-05-11_16.42-scaled.jpg, https://shopmasterpk.com/wp-content/uploads/2023/02/P15-06-11_13.26-scaled.jpg, https://shopmasterpk.com/wp-content/uploads/2023/02/P1030726.jpg, https://shopmasterpk.com/wp-content/uploads/2023/02/P1040538.jpg, https://shopmasterpk.com/wp-content/uploads/2023/02/P1040670.jpg, https://shopmasterpk.com/wp-content/uploads/2023/02/P1030582.jpg, https://shopmasterpk.com/wp-content/uploads/2023/02/P1030570.jpg",,,,,,,,,0,Color,"Alpha Blue OP-1039, Aluminium Grey OP-1078, Blood Red OP-1021, Blue Grey OP-1084, Brilliant Blue OP-1042, Brilliant White OP-1003, Brinjal Violet OP-1037, Broom Yellow OP-1013, Brown Beige OP-1068, Brown Grey OP-1082, Burgandy Red OP-1026, Camel Brown OP-1071, Cat Black OP-1087, Chestnut Red OP-1027, Choco Brown OP-1067, Claret Violet OP-1036, Classic Yellow OP-1011, Copper Brown OP-1077, Deep Orange OP-1017, Diana Violet OP-1034, Distant Blue OP-1048, Egyptian Stone OP-1066, Emerald Green OP-1053, Feroza Blue OP-1049, Golden Yellow OP-1010, Grass Green OP-1057, Green Beige OP-1069, Grey Hound OP-1079, Ivory White OP-1005, Jawel Ferozee OP-1052, Leather Brown OP-1070, Lemon Yellow OP-1009, Light Blue OP-1043, Light Grey OP-1080, Luminous Red OP-1025, Malta Orange OP-1018, Midnight Blue OP-1044, Military Green OP-1059, Mint Green OP-1063, Mint Turquoise OP-1064, National Green OP-1058, Night Blue OP-1047, Ocean Blue OP-1046, Ochre Brown OP-1073, Ochre Yellow OP-1014, Off White OP-1006, Orange Brown OP-1072, Oxford Blue OP-1038, Oyster White OP-1007, PAF Grey OP-1086, Pak Green OP-1054, Pale Brown OP-1075, Panther Black OP-1088, Parrot Green OP-1055, PIA Green OP-1056, Platinum Grey OP-1083, PN Grey OP-1081, Post Office Red OP-1022, Pure White OP-1001, Rabbit White OP-1002, Raspberry Red OP-1024, Rich Cream OP-1008, Rose Pink OP-1032, Salmon Orange OP-1016, Salmon Pink OP-1031, Sapphire Blue OP-1040, Sepia Brown OP-1074, Sexy Pink OP-1030, Signal Red OP-1020, Skin Pink OP-1033, Slate Grey OP-1085, Strawberry Red OP-1029, Sulfur Yellow OP-1012, Sunlight Yellow OP-1015, Sweet Blue OP-1050, Tank White OP-1004, Teakwood Brown OP-1076, Terracotta Red OP-1019, Tomato Red OP-1023, Traffic Green OP-1062, Traffic Purple OP-1035, Turquoise Green OP-1060, Vespa Blue OP-1045, Vivid Blue OP-1041, Wine Red OP-1028, Wonderful Blue OP-1051, Yellow Green OP-1061, Ziroc Green OP-1065",1.0,1.0,Wall Shades - Sizes,"L-108″ x W-36”x H-12”, L-120″ x W-36”x H-12”, L-48″ x W-36”x H-12”, L-60″ x W-36”x H-12”, L-72″ x W-36”x H-12”, L-84″ x W-36”x H-12”, L-96″ x W-36”x H-12”",1.0,1.0,,,,
91,555,variation,GS81,FRP Master Wall Shades,1,0,visible,,,,,taxable,parent,1,,,0,0,,,,,0,,,14300.0,,,,,,,id:502,,,,,,1,Color,,,1.0,Wall Shades - Sizes,L-48″ x W-36”x H-12”,,1.0,,,,
92,556,variation,GS82,FRP Master Wall Shades,1,0,visible,,,,,taxable,parent,1,,,0,0,,,,,0,,,16770.0,,,,,,,id:502,,,,,,2,Color,,,1.0,Wall Shades - Sizes,L-60″ x W-36”x H-12”,,1.0,,,,
93,557,variation,GS83,FRP Master Wall Shades,1,0,visible,,,,,taxable,parent,1,,,0,0,,,,,0,,,18980.0,,,,,,,id:502,,,,,,3,Color,,,1.0,Wall Shades - Sizes,L-72″ x W-36”x H-12”,,1.0,,,,
94,558,variation,GS84,FRP Master Wall Shades,1,0,visible,,,,,taxable,parent,1,,,0,0,,,,,0,,,21060.0,,,,,,,id:502,,,,,,4,Color,,,1.0,Wall Shades - Sizes,L-84″ x W-36”x H-12”,,1.0,,,,
95,559,variation,GS85,FRP Master Wall Shades,1,0,visible,,,,,taxable,parent,1,,,0,0,,,,,0,,,23400.0,,,,,,,id:502,,,,,,5,Color,,,1.0,Wall Shades - Sizes,L-96″ x W-36”x H-12”,,1.0,,,,
96,560,variation,GS86,FRP Master Wall Shades,1,0,visible,,,,,taxable,parent,1,,,0,0,,,,,0,,,25480.0,,,,,,,id:502,,,,,,6,Color,,,1.0,Wall Shades - Sizes,L-108″ x W-36”x H-12”,,1.0,,,,
97,561,variation,GS87,FRP Master Wall Shades,1,0,visible,,,,,taxable,parent,1,,,0,0,,,,,0,,,27690.0,,,,,,,id:502,,,,,,7,Color,,,1.0,Wall Shades - Sizes,L-120″ x W-36”x H-12”,,1.0,,,,
98,562,variable,,FRP Master Plus Wall Shades,1,0,visible,"The Fiber Reinforced Polymer used in the construction of these wall shades adds a touch of durability and strength which ensures that your walls remain in good condition for years. So why settle for boring, ordinary walls when you can elevate your home décor to the next level with FRP Master Plus Wall Shades.",Properties Durability Easy to Clean Nonporous which means they dont absorb moisture or dirt Versatile Design Quick and Easy Installation Costeffective,,,taxable,,1,,,0,0,,,,,0,,,,FRP Wall Shade,"FRP, Master Plus Wall Shades, wall shades",,"https://shopmasterpk.com/wp-content/uploads/2023/02/Product-Image-Template-7.png, https://shopmasterpk.com/wp-content/uploads/2023/02/P09-04-11_10.5401-1-scaled.jpg, https://shopmasterpk.com/wp-content/uploads/2023/02/P23-03-11_10.48-scaled.jpg, https://shopmasterpk.com/wp-content/uploads/2023/02/P25-06-11_15.30-scaled.jpg, https://shopmasterpk.com/wp-content/uploads/2023/02/P29-06-11_17.01-scaled.jpg, https://shopmasterpk.com/wp-content/uploads/2023/02/P16-08-11_16.33-scaled.jpg, https://shopmasterpk.com/wp-content/uploads/2023/02/P14-05-11_13.32-scaled.jpg, https://shopmasterpk.com/wp-content/uploads/2023/02/P1030656.jpg, https://shopmasterpk.com/wp-content/uploads/2023/02/P1040677.jpg, https://shopmasterpk.com/wp-content/uploads/2023/02/P1040680.jpg, https://shopmasterpk.com/wp-content/uploads/2023/02/P31-05-11_09.47-scaled.jpg",,,,,,,,,0,Color,"Alpha Blue OP-1039, Aluminium Grey OP-1078, Blood Red OP-1021, Blue Grey OP-1084, Brilliant Blue OP-1042, Brilliant White OP-1003, Brinjal Violet OP-1037, Broom Yellow OP-1013, Brown Beige OP-1068, Brown Grey OP-1082, Burgandy Red OP-1026, Camel Brown OP-1071, Cat Black OP-1087, Chestnut Red OP-1027, Choco Brown OP-1067, Claret Violet OP-1036, Classic Yellow OP-1011, Copper Brown OP-1077, Deep Orange OP-1017, Diana Violet OP-1034, Distant Blue OP-1048, Egyptian Stone OP-1066, Emerald Green OP-1053, Feroza Blue OP-1049, Golden Yellow OP-1010, Grass Green OP-1057, Green Beige OP-1069, Grey Hound OP-1079, Ivory White OP-1005, Jawel Ferozee OP-1052, Leather Brown OP-1070, Lemon Yellow OP-1009, Light Blue OP-1043, Light Grey OP-1080, Luminous Red OP-1025, Malta Orange OP-1018, Midnight Blue OP-1044, Military Green OP-1059, Mint Green OP-1063, Mint Turquoise OP-1064, National Green OP-1058, Night Blue OP-1047, Ocean Blue OP-1046, Ochre Brown OP-1073, Ochre Yellow OP-1014, Off White OP-1006, Orange Brown OP-1072, Oxford Blue OP-1038, Oyster White OP-1007, PAF Grey OP-1086, Pak Green OP-1054, Pale Brown OP-1075, Panther Black OP-1088, Parrot Green OP-1055, PIA Green OP-1056, Platinum Grey OP-1083, PN Grey OP-1081, Post Office Red OP-1022, Pure White OP-1001, Rabbit White OP-1002, Raspberry Red OP-1024, Rich Cream OP-1008, Rose Pink OP-1032, Salmon Orange OP-1016, Salmon Pink OP-1031, Sapphire Blue OP-1040, Sepia Brown OP-1074, Sexy Pink OP-1030, Signal Red OP-1020, Skin Pink OP-1033, Slate Grey OP-1085, Strawberry Red OP-1029, Sulfur Yellow OP-1012, Sunlight Yellow OP-1015, Sweet Blue OP-1050, Tank White OP-1004, Teakwood Brown OP-1076, Terracotta Red OP-1019, Tomato Red OP-1023, Traffic Green OP-1062, Traffic Purple OP-1035, Turquoise Green OP-1060, Vespa Blue OP-1045, Vivid Blue OP-1041, Wine Red OP-1028, Wonderful Blue OP-1051, Yellow Green OP-1061, Ziroc Green OP-1065",1.0,1.0,Wall Shades - Sizes,"L-108″ x W-48”x H-12”, L-120″ x W-48”x H-12”, L-48″ x W-48”x H-12”, L-60″ x W-48”x H-12”, L-72″ x W-48”x H-12”, L-84″ x W-48”x H-12”, L-96″ x W-48”x H-12”",1.0,1.0,,,,
99,563,variation,GS91,FRP Master Plus Wall Shades,1,0,visible,,,,,taxable,parent,1,,,0,0,,,,,0,,,18980.0,,,,,,,id:562,,,,,,0,Color,,,1.0,Wall Shades - Sizes,L-48″ x W-48”x H-12”,,1.0,,,,
100,564,variation,GS92,FRP Master Plus Wall Shades,1,0,visible,,,,,taxable,parent,1,,,0,0,,,,,0,,,21060.0,,,,,,,id:562,,,,,,0,Color,,,1.0,Wall Shades - Sizes,L-60″ x W-48”x H-12”,,1.0,,,,
101,565,variation,GS93,FRP Master Plus Wall Shades,1,0,visible,,,,,taxable,parent,1,,,0,0,,,,,0,,,23530.0,,,,,,,id:562,,,,,,0,Color,,,1.0,Wall Shades - Sizes,L-72″ x W-48”x H-12”,,1.0,,,,
102,566,variation,GS94,FRP Master Plus Wall Shades,1,0,visible,,,,,taxable,parent,1,,,0,0,,,,,0,,,26260.0,,,,,,,id:562,,,,,,0,Color,,,1.0,Wall Shades - Sizes,L-84″ x W-48”x H-12”,,1.0,,,,
103,567,variation,GS95,FRP Master Plus Wall Shades,1,0,visible,,,,,taxable,parent,1,,,0,0,,,,,0,,,30680.0,,,,,,,id:562,,,,,,0,Color,,,1.0,Wall Shades - Sizes,L-96″ x W-48”x H-12”,,1.0,,,,
104,568,variation,GS96,FRP Master Plus Wall Shades,1,0,visible,,,,,taxable,parent,1,,,0,0,,,,,0,,,33800.0,,,,,,,id:562,,,,,,0,Color,,,1.0,Wall Shades - Sizes,L-108″ x W-48”x H-12”,,1.0,,,,
105,569,variation,GS97,FRP Master Plus Wall Shades,1,0,visible,,,,,taxable,parent,1,,,0,0,,,,,0,,,36140.0,,,,,,,id:562,,,,,,0,Color,,,1.0,Wall Shades - Sizes,L-120″ x W-48”x H-12”,,1.0,,,,
106,572,variable,,FRP Deluxe Small Wall Shades,1,0,visible,"F.R.P small wall shades are the ideal solution for small to medium-sized spaces. Measuring 36” in width and 12'' in height, these shades are the epitome of functionality and style. And the best part? You can choose from a variety of length options to create a customized solution that perfectly matches your unique needs and preferences.\n\nUpgrade your space with F.R.P small wall shades for the ultimate in flexibility and style.\n\n&nbsp;",Properties Durability Easy to Clean Nonporous which means they dont absorb moisture or dirt Versatile Design Quick and Easy Installation Costeffective,,,taxable,,1,,,0,0,,,,,0,,,,FRP Wall Shade,"Deluxe Wall Shades, FRP, wall shades",,"https://shopmasterpk.com/wp-content/uploads/2023/02/Product-Image-Template-5.png, https://shopmasterpk.com/wp-content/uploads/2023/02/P1000028.jpg",,,,,,,,,0,Color,"Alpha Blue OP-1039, Aluminium Grey OP-1078, Blood Red OP-1021, Blue Grey OP-1084, Brilliant Blue OP-1042, Brilliant White OP-1003, Brinjal Violet OP-1037, Broom Yellow OP-1013, Brown Beige OP-1068, Brown Grey OP-1082, Burgandy Red OP-1026, Camel Brown OP-1071, Cat Black OP-1087, Chestnut Red OP-1027, Choco Brown OP-1067, Claret Violet OP-1036, Classic Yellow OP-1011, Copper Brown OP-1077, Deep Orange OP-1017, Diana Violet OP-1034, Distant Blue OP-1048, Egyptian Stone OP-1066, Emerald Green OP-1053, Feroza Blue OP-1049, Golden Yellow OP-1010, Grass Green OP-1057, Green Beige OP-1069, Grey Hound OP-1079, Ivory White OP-1005, Jawel Ferozee OP-1052, Leather Brown OP-1070, Lemon Yellow OP-1009, Light Blue OP-1043, Light Grey OP-1080, Luminous Red OP-1025, Malta Orange OP-1018, Midnight Blue OP-1044, Military Green OP-1059, Mint Green OP-1063, Mint Turquoise OP-1064, National Green OP-1058, Night Blue OP-1047, Ocean Blue OP-1046, Ochre Brown OP-1073, Ochre Yellow OP-1014, Off White OP-1006, Orange Brown OP-1072, Oxford Blue OP-1038, Oyster White OP-1007, PAF Grey OP-1086, Pak Green OP-1054, Pale Brown OP-1075, Panther Black OP-1088, Parrot Green OP-1055, PIA Green OP-1056, Platinum Grey OP-1083, PN Grey OP-1081, Post Office Red OP-1022, Pure White OP-1001, Rabbit White OP-1002, Raspberry Red OP-1024, Rich Cream OP-1008, Rose Pink OP-1032, Salmon Orange OP-1016, Salmon Pink OP-1031, Sapphire Blue OP-1040, Sepia Brown OP-1074, Sexy Pink OP-1030, Signal Red OP-1020, Skin Pink OP-1033, Slate Grey OP-1085, Strawberry Red OP-1029, Sulfur Yellow OP-1012, Sunlight Yellow OP-1015, Sweet Blue OP-1050, Tank White OP-1004, Teakwood Brown OP-1076, Terracotta Red OP-1019, Tomato Red OP-1023, Traffic Green OP-1062, Traffic Purple OP-1035, Turquoise Green OP-1060, Vespa Blue OP-1045, Vivid Blue OP-1041, Wine Red OP-1028, Wonderful Blue OP-1051, Yellow Green OP-1061, Ziroc Green OP-1065",1.0,1.0,Wall Shades - Sizes,"L-108″ x W-36”x H-12”, L-120″ x W-36”x H-12”, L-48″ x W-36”x H-12”, L-60″ x W-36”x H-12”, L-72″ x W-36”x H-12”, L-84″ x W-36”x H-12”, L-96″ x W-36”x H-12”",1.0,1.0,,,,
107,573,variation,GS101,FRP Deluxe Small Wall Shades,1,0,visible,,,,,taxable,parent,1,,,0,0,,,,,0,,,13650.0,,,,,,,id:572,,,,,,0,Color,,,1.0,Wall Shades - Sizes,L-48″ x W-36”x H-12”,,1.0,,,,
108,574,variation,GS102,FRP Deluxe Small Wall Shades,1,0,visible,,,,,taxable,parent,1,,,0,0,,,,,0,,,17030.0,,,,,,,id:572,,,,,,0,Color,,,1.0,Wall Shades - Sizes,L-60″ x W-36”x H-12”,,1.0,,,,
109,575,variation,GS103,FRP Deluxe Small Wall Shades,1,0,visible,,,,,taxable,parent,1,,,0,0,,,,,0,,,20280.0,,,,,,,id:572,,,,,,0,Color,,,1.0,Wall Shades - Sizes,L-72″ x W-36”x H-12”,,1.0,,,,
110,576,variation,GS104,FRP Deluxe Small Wall Shades,1,0,visible,,,,,taxable,parent,1,,,0,0,,,,,0,,,23660.0,,,,,,,id:572,,,,,,0,Color,,,1.0,Wall Shades - Sizes,L-84″ x W-36”x H-12”,,1.0,,,,
111,577,variation,GS105,FRP Deluxe Small Wall Shades,1,0,visible,,,,,taxable,parent,1,,,0,0,,,,,0,,,26910.0,,,,,,,id:572,,,,,,0,Color,,,1.0,Wall Shades - Sizes,L-96″ x W-36”x H-12”,,1.0,,,,
112,578,variation,GS106,FRP Deluxe Small Wall Shades,1,0,visible,,,,,taxable,parent,1,,,0,0,,,,,0,,,30290.0,,,,,,,id:572,,,,,,0,Color,,,1.0,Wall Shades - Sizes,L-108″ x W-36”x H-12”,,1.0,,,,
113,579,variation,GS107,FRP Deluxe Small Wall Shades,1,0,visible,,,,,taxable,parent,1,,,0,0,,,,,0,,,33800.0,,,,,,,id:572,,,,,,0,Color,,,1.0,Wall Shades - Sizes,L-120″ x W-36”x H-12”,,1.0,,,,
114,580,variable,,FRP Deluxe Large Wall Shades,1,0,visible,"Looking for a wall shade that can cover more ground? Our F.R.P large wall shades are perfect for you!\n\nMeasuring 48'' in width and 12'' in height, these shades offer impressive coverage for larger spaces. And the best part? You can choose from a variety of length options to create a customized solution that perfectly matches your unique needs and preferences.\n\n&nbsp;",Properties Durability Easy to Clean Nonporous which means they dont absorb moisture or dirt Versatile Design Quick and Easy Installation Costeffective,,,taxable,,1,,,0,0,,,,,0,,,,FRP Wall Shade,"Deluxe Wall Shades, FRP, wall shades",,https://shopmasterpk.com/wp-content/uploads/2023/02/Product-Image-Template-3.png,,,,,,,,,0,Color,"Alpha Blue OP-1039, Aluminium Grey OP-1078, Blood Red OP-1021, Blue Grey OP-1084, Brilliant Blue OP-1042, Brilliant White OP-1003, Brinjal Violet OP-1037, Broom Yellow OP-1013, Brown Beige OP-1068, Brown Grey OP-1082, Burgandy Red OP-1026, Camel Brown OP-1071, Cat Black OP-1087, Chestnut Red OP-1027, Choco Brown OP-1067, Claret Violet OP-1036, Classic Yellow OP-1011, Copper Brown OP-1077, Deep Orange OP-1017, Diana Violet OP-1034, Distant Blue OP-1048, Egyptian Stone OP-1066, Emerald Green OP-1053, Feroza Blue OP-1049, Golden Yellow OP-1010, Grass Green OP-1057, Green Beige OP-1069, Grey Hound OP-1079, Ivory White OP-1005, Jawel Ferozee OP-1052, Leather Brown OP-1070, Lemon Yellow OP-1009, Light Blue OP-1043, Light Grey OP-1080, Luminous Red OP-1025, Malta Orange OP-1018, Midnight Blue OP-1044, Military Green OP-1059, Mint Green OP-1063, Mint Turquoise OP-1064, National Green OP-1058, Night Blue OP-1047, Ocean Blue OP-1046, Ochre Brown OP-1073, Ochre Yellow OP-1014, Off White OP-1006, Orange Brown OP-1072, Oxford Blue OP-1038, Oyster White OP-1007, PAF Grey OP-1086, Pak Green OP-1054, Pale Brown OP-1075, Panther Black OP-1088, Parrot Green OP-1055, PIA Green OP-1056, Platinum Grey OP-1083, PN Grey OP-1081, Post Office Red OP-1022, Pure White OP-1001, Rabbit White OP-1002, Raspberry Red OP-1024, Rich Cream OP-1008, Rose Pink OP-1032, Salmon Orange OP-1016, Salmon Pink OP-1031, Sapphire Blue OP-1040, Sepia Brown OP-1074, Sexy Pink OP-1030, Signal Red OP-1020, Skin Pink OP-1033, Slate Grey OP-1085, Strawberry Red OP-1029, Sulfur Yellow OP-1012, Sunlight Yellow OP-1015, Sweet Blue OP-1050, Tank White OP-1004, Teakwood Brown OP-1076, Terracotta Red OP-1019, Tomato Red OP-1023, Traffic Green OP-1062, Traffic Purple OP-1035, Turquoise Green OP-1060, Vespa Blue OP-1045, Vivid Blue OP-1041, Wine Red OP-1028, Wonderful Blue OP-1051, Yellow Green OP-1061, Ziroc Green OP-1065",1.0,1.0,Wall Shades - Sizes,"L-108″ x W-48”x H-12”, L-120″ x W-48”x H-12”, L-48″ x W-48”x H-12”, L-60″ x W-48”x H-12”, L-72″ x W-48”x H-12”, L-84″ x W-48”x H-12”, L-96″ x W-48”x H-12”",1.0,1.0,,,,
115,581,variation,GS111,FRP Deluxe Large Wall Shades,1,0,visible,,,,,taxable,parent,1,,,0,0,,,,,0,,,26650.0,,,,,,,id:580,,,,,,0,Color,,,1.0,Wall Shades - Sizes,L-48″ x W-48”x H-12”,,1.0,,,,
116,582,variation,GS112,FRP Deluxe Large Wall Shades,1,0,visible,,,,,taxable,parent,1,,,0,0,,,,,0,,,28730.0,,,,,,,id:580,,,,,,0,Color,,,1.0,Wall Shades - Sizes,L-60″ x W-48”x H-12”,,1.0,,,,
117,583,variation,GS113,FRP Deluxe Large Wall Shades,1,0,visible,,,,,taxable,parent,1,,,0,0,,,,,0,,,31070.0,,,,,,,id:580,,,,,,0,Color,,,1.0,Wall Shades - Sizes,L-72″ x W-48”x H-12”,,1.0,,,,
118,584,variation,GS114,FRP Deluxe Large Wall Shades,1,0,visible,,,,,taxable,parent,1,,,0,0,,,,,0,,,33410.0,,,,,,,id:580,,,,,,0,Color,,,1.0,Wall Shades - Sizes,L-84″ x W-48”x H-12”,,1.0,,,,
119,585,variation,GS115,FRP Deluxe Large Wall Shades,1,0,visible,,,,,taxable,parent,1,,,0,0,,,,,0,,,35750.0,,,,,,,id:580,,,,,,0,Color,,,1.0,Wall Shades - Sizes,L-96″ x W-48”x H-12”,,1.0,,,,
120,586,variation,GS116,FRP Deluxe Large Wall Shades,1,0,visible,,,,,taxable,parent,1,,,0,0,,,,,0,,,37440.0,,,,,,,id:580,,,,,,0,Color,,,1.0,Wall Shades - Sizes,L-108″ x W-48”x H-12”,,1.0,,,,
121,587,variation,GS117,FRP Deluxe Large Wall Shades,1,0,visible,,,,,taxable,parent,1,,,0,0,,,,,0,,,39650.0,,,,,,,id:580,,,,,,0,Color,,,1.0,Wall Shades - Sizes,L-120″ x W-48”x H-12”,,1.0,,,,
122,589,variable,,FRP Deluxe XL Wall Shades,1,0,visible,"These shades are a great choice for larger spaces, with an impressive width of 60'' and height of 18''. And the best part? You can choose from a variety of options for length to create a customized solution that perfectly matches your unique needs and preferences.\n\nUpgrade your space with F.R.P XL wall shades for a stunning and functional addition to your decor.",Properties Durability Easy to Clean Nonporous which means they dont absorb moisture or dirt Versatile Design Quick and Easy Installation Costeffective,,,taxable,,1,,,0,0,,,,,0,,,,FRP Wall Shade,"Deluxe XL Wall Shades, FRP, wall shades",,https://shopmasterpk.com/wp-content/uploads/2023/02/Product-Image-Template-9.png,,,,,,,,,0,Color,"Alpha Blue OP-1039, Aluminium Grey OP-1078, Blood Red OP-1021, Blue Grey OP-1084, Brilliant Blue OP-1042, Brilliant White OP-1003, Brinjal Violet OP-1037, Broom Yellow OP-1013, Brown Beige OP-1068, Brown Grey OP-1082, Burgandy Red OP-1026, Camel Brown OP-1071, Cat Black OP-1087, Chestnut Red OP-1027, Choco Brown OP-1067, Claret Violet OP-1036, Classic Yellow OP-1011, Copper Brown OP-1077, Deep Orange OP-1017, Diana Violet OP-1034, Distant Blue OP-1048, Egyptian Stone OP-1066, Emerald Green OP-1053, Feroza Blue OP-1049, Golden Yellow OP-1010, Grass Green OP-1057, Green Beige OP-1069, Grey Hound OP-1079, Ivory White OP-1005, Jawel Ferozee OP-1052, Leather Brown OP-1070, Lemon Yellow OP-1009, Light Blue OP-1043, Light Grey OP-1080, Luminous Red OP-1025, Malta Orange OP-1018, Midnight Blue OP-1044, Military Green OP-1059, Mint Green OP-1063, Mint Turquoise OP-1064, National Green OP-1058, Night Blue OP-1047, Ocean Blue OP-1046, Ochre Brown OP-1073, Ochre Yellow OP-1014, Off White OP-1006, Orange Brown OP-1072, Oxford Blue OP-1038, Oyster White OP-1007, PAF Grey OP-1086, Pak Green OP-1054, Pale Brown OP-1075, Panther Black OP-1088, Parrot Green OP-1055, PIA Green OP-1056, Platinum Grey OP-1083, PN Grey OP-1081, Post Office Red OP-1022, Pure White OP-1001, Rabbit White OP-1002, Raspberry Red OP-1024, Rich Cream OP-1008, Rose Pink OP-1032, Salmon Orange OP-1016, Salmon Pink OP-1031, Sapphire Blue OP-1040, Sepia Brown OP-1074, Sexy Pink OP-1030, Signal Red OP-1020, Skin Pink OP-1033, Slate Grey OP-1085, Strawberry Red OP-1029, Sulfur Yellow OP-1012, Sunlight Yellow OP-1015, Sweet Blue OP-1050, Tank White OP-1004, Teakwood Brown OP-1076, Terracotta Red OP-1019, Tomato Red OP-1023, Traffic Green OP-1062, Traffic Purple OP-1035, Turquoise Green OP-1060, Vespa Blue OP-1045, Vivid Blue OP-1041, Wine Red OP-1028, Wonderful Blue OP-1051, Yellow Green OP-1061, Ziroc Green OP-1065",1.0,1.0,Wall Shades - Sizes,"L-108″ x W-60”x H-18”, L-120″ x W-60”x H-18”, L-48″ x W-60”x H-18”, L-60″ x W-60”x H-18”, L-72″ x W-60”x H-18”, L-84″ x W-60”x H-18”, L-96″ x W-60”x H-18”",1.0,1.0,,,,
123,590,variation,GS121,FRP Deluxe XL Wall Shades,1,0,visible,,,,,taxable,parent,1,,,0,0,,,,,0,,,35100.0,,,,,,,id:589,,,,,,0,Color,,,1.0,Wall Shades - Sizes,L-48″ x W-60”x H-18”,,1.0,,,,
124,591,variation,GS122,FRP Deluxe XL Wall Shades,1,0,visible,,,,,taxable,parent,1,,,0,0,,,,,0,,,37700.0,,,,,,,id:589,,,,,,0,Color,,,1.0,Wall Shades - Sizes,L-60″ x W-60”x H-18”,,1.0,,,,
125,592,variation,GS123,FRP Deluxe XL Wall Shades,1,0,visible,,,,,taxable,parent,1,,,0,0,,,,,0,,,39650.0,,,,,,,id:589,,,,,,0,Color,,,1.0,Wall Shades - Sizes,L-72″ x W-60”x H-18”,,1.0,,,,
126,593,variation,GS124,FRP Deluxe XL Wall Shades,1,0,visible,,,,,taxable,parent,1,,,0,0,,,,,0,,,41860.0,,,,,,,id:589,,,,,,0,Color,,,1.0,Wall Shades - Sizes,L-84″ x W-60”x H-18”,,1.0,,,,
127,594,variation,GS125,FRP Deluxe XL Wall Shades,1,0,visible,,,,,taxable,parent,1,,,0,0,,,,,0,,,44200.0,,,,,,,id:589,,,,,,0,Color,,,1.0,Wall Shades - Sizes,L-96″ x W-60”x H-18”,,1.0,,,,
128,595,variation,GS126,FRP Deluxe XL Wall Shades,1,0,visible,,,,,taxable,parent,1,,,0,0,,,,,0,,,46540.0,,,,,,,id:589,,,,,,0,Color,,,1.0,Wall Shades - Sizes,L-108″ x W-60”x H-18”,,1.0,,,,
129,596,variation,GS127,FRP Deluxe XL Wall Shades,1,0,visible,,,,,taxable,parent,1,,,0,0,,,,,0,,,48750.0,,,,,,,id:589,,,,,,0,Color,,,1.0,Wall Shades - Sizes,L-120″ x W-60”x H-18”,,1.0,,,,
130,597,variable,,FRP Deluxe XXL Wall Shades,1,0,visible,"For a truly show-stopping wall shade that commands attention, our F.R.P XXL wall shades are the way to go!\n\nThese shades are perfect for larger spaces with a width of 72'' and height of 18''. And the best part? You can choose from a variety of options for length to create a customized solution that perfectly matches your unique needs and preferences.",Properties Durability Easy to Clean Nonporous which means they dont absorb moisture or dirt Versatile Design Quick and Easy Installation Costeffective,,,taxable,,1,,,0,0,,,,,0,,,,FRP Wall Shade,"deluxe, FRP, wall shades",,https://shopmasterpk.com/wp-content/uploads/2023/02/Product-Image-Template-10.png,,,,,,,,,0,Color,"Alpha Blue OP-1039, Aluminium Grey OP-1078, Blood Red OP-1021, Blue Grey OP-1084, Brilliant Blue OP-1042, Brilliant White OP-1003, Brinjal Violet OP-1037, Broom Yellow OP-1013, Brown Beige OP-1068, Brown Grey OP-1082, Burgandy Red OP-1026, Camel Brown OP-1071, Cat Black OP-1087, Chestnut Red OP-1027, Choco Brown OP-1067, Claret Violet OP-1036, Classic Yellow OP-1011, Copper Brown OP-1077, Deep Orange OP-1017, Diana Violet OP-1034, Distant Blue OP-1048, Egyptian Stone OP-1066, Emerald Green OP-1053, Feroza Blue OP-1049, Golden Yellow OP-1010, Grass Green OP-1057, Green Beige OP-1069, Grey Hound OP-1079, Ivory White OP-1005, Jawel Ferozee OP-1052, Leather Brown OP-1070, Lemon Yellow OP-1009, Light Blue OP-1043, Light Grey OP-1080, Luminous Red OP-1025, Malta Orange OP-1018, Midnight Blue OP-1044, Military Green OP-1059, Mint Green OP-1063, Mint Turquoise OP-1064, National Green OP-1058, Night Blue OP-1047, Ocean Blue OP-1046, Ochre Brown OP-1073, Ochre Yellow OP-1014, Off White OP-1006, Orange Brown OP-1072, Oxford Blue OP-1038, Oyster White OP-1007, PAF Grey OP-1086, Pak Green OP-1054, Pale Brown OP-1075, Panther Black OP-1088, Parrot Green OP-1055, PIA Green OP-1056, Platinum Grey OP-1083, PN Grey OP-1081, Post Office Red OP-1022, Pure White OP-1001, Rabbit White OP-1002, Raspberry Red OP-1024, Rich Cream OP-1008, Rose Pink OP-1032, Salmon Orange OP-1016, Salmon Pink OP-1031, Sapphire Blue OP-1040, Sepia Brown OP-1074, Sexy Pink OP-1030, Signal Red OP-1020, Skin Pink OP-1033, Slate Grey OP-1085, Strawberry Red OP-1029, Sulfur Yellow OP-1012, Sunlight Yellow OP-1015, Sweet Blue OP-1050, Tank White OP-1004, Teakwood Brown OP-1076, Terracotta Red OP-1019, Tomato Red OP-1023, Traffic Green OP-1062, Traffic Purple OP-1035, Turquoise Green OP-1060, Vespa Blue OP-1045, Vivid Blue OP-1041, Wine Red OP-1028, Wonderful Blue OP-1051, Yellow Green OP-1061, Ziroc Green OP-1065",1.0,1.0,Wall Shades - Sizes,"L-108″ x W-72”x H-18”, L-120″ x W-72”x H-18”, L-48″ x W-72”x H-18”, L-60″ x W-72”x H-18”, L-72″ x W-72”x H-18”, L-84″ x W-72”x H-18”, L-96″ x W-72”x H-18”",1.0,1.0,,,,
131,598,variation,GS131,FRP Deluxe XXL Wall Shades,1,0,visible,,,,,taxable,parent,1,,,0,0,,,,,0,,,42900.0,,,,,,,id:597,,,,,,0,Color,,,1.0,Wall Shades - Sizes,L-48″ x W-72”x H-18”,,1.0,,,,
132,599,variation,GS132,FRP Deluxe XXL Wall Shades,1,0,visible,,,,,taxable,parent,1,,,0,0,,,,,0,,,44850.0,,,,,,,id:597,,,,,,0,Color,,,1.0,Wall Shades - Sizes,L-60″ x W-72”x H-18”,,1.0,,,,
133,600,variation,GS133,FRP Deluxe XXL Wall Shades,1,0,visible,,,,,taxable,parent,1,,,0,0,,,,,0,,,47450.0,,,,,,,id:597,,,,,,0,Color,,,1.0,Wall Shades - Sizes,L-72″ x W-72”x H-18”,,1.0,,,,
134,601,variation,GS134,FRP Deluxe XXL Wall Shades,1,0,visible,,,,,taxable,parent,1,,,0,0,,,,,0,,,49400.0,,,,,,,id:597,,,,,,0,Color,,,1.0,Wall Shades - Sizes,L-84″ x W-72”x H-18”,,1.0,,,,
135,602,variation,GS135,FRP Deluxe XXL Wall Shades,1,0,visible,,,,,taxable,parent,1,,,0,0,,,,,0,,,52000.0,,,,,,,id:597,,,,,,0,Color,,,1.0,Wall Shades - Sizes,L-96″ x W-72”x H-18”,,1.0,,,,
136,603,variation,GS136,FRP Deluxe XXL Wall Shades,1,0,visible,,,,,taxable,parent,1,,,0,0,,,,,0,,,54340.0,,,,,,,id:597,,,,,,0,Color,,,1.0,Wall Shades - Sizes,L-108″ x W-72”x H-18”,,1.0,,,,
137,604,variation,GS137,FRP Deluxe XXL Wall Shades,1,0,visible,,,,,taxable,parent,1,,,0,0,,,,,0,,,56810.0,,,,,,,id:597,,,,,,0,Color,,,1.0,Wall Shades - Sizes,L-120″ x W-72”x H-18”,,1.0,,,,
138,614,variation,,MCIR Resins - MCIR - 303 - GC,1,0,visible,,MCIR 303GC is a ISO Gelcoat used for fishing boats yacht tanks tubs moulding and architectural panels with good toughness water resistance,,,taxable,parent,1,,,0,0,220,,,,0,,,180000.0,,,,,,,id:266,,,,,,1,MCIR Product code,MCIR - 303 - GC,,1.0,,,,,,,,
139,615,variation,,MCIR Resins - MCIR - 304 - WGC,1,0,visible,,MCIR 304WGC is a GP gelcoat used for tanks tubs sanitary products portable toilets children rides etc with good toughness water resistance,,,taxable,parent,1,,,0,0,220,,,,0,,,220000.0,,,,,,,id:266,,,,,,2,MCIR Product code,MCIR - 304 - WGC,,1.0,,,,,,,,
140,616,variation,,MCIR Resins - MCIR - 313 - ISO,1,0,visible,,MCIR 313 is an ISO resin which is used for filament winding mechanical chemical resistance layers of tanks fishing boats yachts pipe and high strength FRP products,,,taxable,parent,1,,,0,0,220,,,,0,,,170000.0,,,,,,,id:266,,,,,,3,MCIR Product code,MCIR - 313 - ISO,,1.0,,,,,,,,
141,631,variable,SDM01,Metal Dish Master Super Max (Fershi),'-1,0,visible,,,,,taxable,,1,,,0,0,2.7,,,,0,,,,Metal Satellite Dish,,,,,,,,,,,,0,Color,Light Grey OP-1080,1.0,1.0,Stand,Fershi,1.0,1.0,Weight,2.7 KG,1.0,1.0
142,632,variable,SDM02,Metal Dish Master Economy,'-1,0,visible,,,,,taxable,,1,,,0,0,2.9,,,,0,,,,Metal Satellite Dish,,,,,,,,,,,,0,Color,Aluminium Grey OP-1078,1.0,1.0,Stand,S/A,1.0,1.0,Weight,2.9 KG,1.0,1.0
143,633,variable,SDM03,Metal Dish Master Royal,'-1,0,visible,,,,,taxable,,1,,,0,0,3.3,,,,0,,,,Metal Satellite Dish,,,"https://shopmasterpk.com/wp-content/uploads/2023/02/WhatsApp-Image-2023-03-01-at-2.10.22-PM-1-PhotoRoom.png-PhotoRoom.png, https://shopmasterpk.com/wp-content/uploads/2023/02/WhatsApp-Image-2023-03-01-at-2.10.17-PM-PhotoRoom.png-PhotoRoom.webp",,,,,,,,,0,Color,Traffic Purple OP-1035,1.0,1.0,Stand,"D/A, S/A",1.0,1.0,,,,
144,635,variable,,Metal Dish Master Deluxe,1,0,visible,"With its sleek modern design and double actuator, master deluxe is the perfect addition to your home to elevate the entertainment game. Plus, with its superior signal reception, you'll never miss a moment of your favorite shows or sports events. Upgrade to the Metal Satellite Dish Master Deluxe for the ultimate viewing experience!\n\nIt is now available in 2 colors and 3 different sizes!\n\n&nbsp;",AdvantagesDouble ActuatorHighQuality ReceptionLess signal interruptionsBetter picture qualityEasy InstallationCosteffective solution,,,taxable,,1,,,0,0,,,,,0,,,,Metal Satellite Dish,,,https://shopmasterpk.com/wp-content/uploads/2023/02/WhatsApp-Image-2023-03-01-at-2.10.22-PM-PhotoRoom.png-PhotoRoom-e1679577521544.png,,,,,,,,,0,Color,"Aluminium Grey OP-1078, Brown Beige OP-1068",1.0,1.0,Matel Dish - Sizes,"4ft, 5ft, 6ft",1.0,1.0,,,,
145,637,variable,SDM09,Metal Dish Master Public Demand,'-1,0,visible,,,,,taxable,,1,,,0,0,8.2,,,,0,,,,Metal Satellite Dish,,,https://shopmasterpk.com/wp-content/uploads/2023/02/WhatsApp-Image-2023-03-01-at-2.10.19-PM-PhotoRoom.png-PhotoRoom.png,,,,,,,,,0,Color,Yellow Green OP-1061,1.0,1.0,Stand,D/A,1.0,1.0,Weight,7.2 KG,1.0,1.0
146,1130,variation,,Metal Dish Master Super Max (Fershi),'-1,0,visible,,,,,taxable,parent,1,,,0,0,,48.0,,,0,,,3250.0,,,,,,,SDM01,,,,,,0,Color,Light Grey OP-1080,,1.0,Stand,Fershi,,1.0,Weight,2.7 KG,,1.0
147,1132,variation,,Metal Dish Master Economy,'-1,0,visible,,,,,taxable,parent,1,,,0,0,,48.0,,,0,,,3500.0,,,,,,,SDM02,,,,,,0,Color,Aluminium Grey OP-1078,,1.0,Stand,,,1.0,Weight,,,1.0
148,1134,variation,,"Metal Dish Master Royal - Traffic Purple OP-1035, S/A",'-1,0,visible,,,,,taxable,parent,1,,,0,0,3.3,,,,0,,,4000.0,,,,,,,SDM03,,,,,,2,Color,Traffic Purple OP-1035,,1.0,Stand,S/A,,1.0,,,,
149,1139,variation,,Metal Dish Master Public Demand,'-1,0,visible,,,,,taxable,parent,1,,,0,0,7.2,59.0,,,0,,,9750.0,,,,,,,SDM09,,,,,,0,Color,Yellow Green OP-1061,,1.0,Stand,,,1.0,Weight,,,1.0
150,1209,variation,,MCIR Resins - MCIR - 414 - MG,1,0,visible,,MCIR 414MG is a MG Resin Thixotropic which is Excellent for sea water Fishing Boats Yacht under ground tanks architectural other FRP products used for mild chemical resistance,,,taxable,parent,1,,,0,0,220,,,,0,,,150000.0,,,,,,,id:266,,,,,,4,MCIR Product code,MCIR - 414 - MG,,1.0,,,,,,,,
151,1228,variation,SDM04,"Metal Dish Master Royal - Traffic Purple OP-1035, D/A",'-1,0,visible,,,,,taxable,parent,1,,,0,0,,,,,0,,,4250.0,,,,,,,SDM03,,,,,,0,Color,Traffic Purple OP-1035,,1.0,Stand,D/A,,1.0,,,,
152,1238,variation,,Metal Dish Master Deluxe,1,0,visible,,,,,taxable,parent,1,,,0,0,,,,,0,,,6250.0,,,,,,,id:635,,,,,,1,Color,Brown Beige OP-1068,,1.0,Matel Dish - Sizes,4ft,,1.0,,,,
153,1239,variation,,Metal Dish Master Deluxe,1,0,visible,,,,,taxable,parent,1,,,0,0,,,,,0,,,11250.0,,,,,,,id:635,,,,,,2,Color,Aluminium Grey OP-1078,,1.0,Matel Dish - Sizes,5ft,,1.0,,,,
154,1240,variation,,Metal Dish Master Deluxe,1,0,visible,,,,,taxable,parent,1,,,0,0,,,,,0,,,13750.0,,,,,,,id:635,,,,,,3,Color,Aluminium Grey OP-1078,,1.0,Matel Dish - Sizes,6ft,,1.0,,,,
155,1242,simple,,Satellite Dish Master Viva Royal,'-1,0,visible,,,,,taxable,,1,,,0,0,,,,,0,,,,,,,,,,,,,,,,0,Color,Brown Beige OP-1068,1.0,1.0,,,,,,,,
156,1243,variable,,Fiber Satellite Dish Master Viva Royal,1,0,visible,"Viva Royal is the ultimate blend of style and substance, delivering crystal-clear signal reception and unmatched accuracy. Whether you're a die-hard sports fan or a movie buff, the Fiber Satellite Dish Master Viva Royal has got you covered. Upgrade your entertainment game today and discover a whole new world of possibilities!\n\nIt has a double actuator and is available in 5 different sizes.",AdvantagesDouble ActuatorHighQuality ReceptionLess signal interruptionsBetter picture qualityEasy InstallationCosteffective solution for TV viewing,,,taxable,,1,,,0,0,,,,,0,,,,Fiber Satellite Dish,"dish, Double Actuator, fiber, Fiber Satellite, Fiber Satellite Dish Master Viva Royal, master, Master Viva Royal, royal, Satellite Dish, Satellite Dish Viva Royal, viva, Viva Royal",,"https://shopmasterpk.com/wp-content/uploads/2023/04/Fiber-Dish-Master-Viva-Royal-01.png, https://shopmasterpk.com/wp-content/uploads/2023/04/Fiber-Dish-Master-Viva-Royal-02.png, https://shopmasterpk.com/wp-content/uploads/2023/04/Fiber-Dish-Master-Viva-Royal-03.png",,,,,,,,,0,Color,Brown Beige OP-1068,1.0,1.0,Fiber Dish - Sizes,"10ft, 4ft, 5ft, 6ft, 8ft",1.0,1.0,,,,
157,1245,variation,,Fiber Satellite Dish Master Viva Royal,1,0,visible,,,,,taxable,parent,1,,,0,0,,,,,0,,,7500.0,,,,,,,id:1243,,,,,,1,Color,Brown Beige OP-1068,,1.0,Fiber Dish - Sizes,4ft,,1.0,,,,
158,1246,variation,,Fiber Satellite Dish Master Viva Royal,1,0,visible,,,,,taxable,parent,1,,,0,0,,,,,0,,,12500.0,,,,,,,id:1243,,,,,,2,Color,Brown Beige OP-1068,,1.0,Fiber Dish - Sizes,5ft,,1.0,,,,
159,1247,variation,,Fiber Satellite Dish Master Viva Royal,1,0,visible,,,,,taxable,parent,1,,,0,0,,,,,0,,,18750.0,,,,,,,id:1243,,,,,,3,Color,Brown Beige OP-1068,,1.0,Fiber Dish - Sizes,6ft,,1.0,,,,
160,1248,variation,,Fiber Satellite Dish Master Viva Royal,1,0,visible,,,,,taxable,parent,1,,,0,0,,,,,0,,,47500.0,,,,,,,id:1243,,,,,,4,Color,Brown Beige OP-1068,,1.0,Fiber Dish - Sizes,8ft,,1.0,,,,
161,1249,variation,,Fiber Satellite Dish Master Viva Royal,1,0,visible,,,,,taxable,parent,1,,,0,0,,,,,0,,,112500.0,,,,,,,id:1243,,,,,,5,Color,Brown Beige OP-1068,,1.0,Fiber Dish - Sizes,10ft,,1.0,,,,
162,1250,variable,,Fiber Satellite Dish Master Plus,1,0,visible,The Fiber Satellite Dish Master Plus is the ultimate entertainment solution for anyone looking for a wide range of channels and excellent picture quality.\n\nIt has a double actuator and is available in two different sizes.,AdvantagesDAHighQuality ReceptionLess signal interruptionsBetter picture qualityEasy InstallationCosteffective solution for TV viewing,,,taxable,,1,,,0,0,,,,,0,Product colour may slightly vary due to photographic lighting sources or your monitor settings.,,,Fiber Satellite Dish,"dish, Dish Master, Dish Master Plus, Double Actuator, fiber, Fiber Satellite Dish Master Plus, master, Master Plus, Satellite, Satellite Dish",,"https://shopmasterpk.com/wp-content/uploads/2023/04/Fiber-Dish-Master-Plus-01.png, https://shopmasterpk.com/wp-content/uploads/2023/04/Fiber-Dish-Master-Plus-03.png, https://shopmasterpk.com/wp-content/uploads/2023/04/Fiber-Dish-Master-Plus-04.png",,,,,,,,,0,Color,Aluminium Grey OP-1078,1.0,1.0,Fiber Dish - Sizes,"6ft, 8ft",1.0,1.0,,,,
163,1251,variation,,Fiber Satellite Dish Master Plus,1,0,visible,,,,,taxable,parent,1,,,0,0,,,,,0,,,25000.0,,,,,,,id:1250,,,,,,1,Color,Aluminium Grey OP-1078,,1.0,Fiber Dish - Sizes,6ft,,1.0,,,,
164,1252,variation,,Fiber Satellite Dish Master Plus,1,0,visible,,,,,taxable,parent,1,,,0,0,,,,,0,,,62500.0,,,,,,,id:1250,,,,,,2,Color,Aluminium Grey OP-1078,,1.0,Fiber Dish - Sizes,8ft,,1.0,,,,
